{
    "pools": [
        {
            "rolls": 1,
            "entries": [
                {
                    "type": "item",
                    "name": "minecraft:suspicious_stew",
                    "functions": [
                        {
                            "function": "set_nbt",
                            "tag": "{Effects:[{EffectId:15,EffectDuration:160}]}"
                        },
                        {
                            "function": "minecraft:set_count",
                            "count": 64
                        }
                    ]
                },
                {
                    "type": "item",
                    "name": "minecraft:suspicious_stew",
                    "functions": [
                        {
                            "function": "set_nbt",
                            "tag": "{Effects:[{EffectId:12,EffectDuration:80}]}"
                        },
                        {
                            "function": "minecraft:set_count",
                            "count": 64
                        }
                    ]
                },
                {
                    "type": "item",
                    "name": "minecraft:suspicious_stew",
                    "functions": [
                        {
                            "function": "set_nbt",
                            "tag": "{Effects:[{EffectId:8,EffectDuration:120}]}"
                        },
                        {
                            "function": "minecraft:set_count",
                            "count": 64
                        }
                    ]
                },
                {
                    "type": "item",
                    "name": "minecraft:suspicious_stew",
                    "functions": [
                        {
                            "function": "set_nbt",
                            "tag": "{Effects:[{EffectId:16,EffectDuration:100}]}"
                        },
                        {
                            "function": "minecraft:set_count",
                            "count": 64
                        }
                    ]
                },
                {
                    "type": "item",
                    "name": "minecraft:suspicious_stew",
                    "functions": [
                        {
                            "function": "set_nbt",
                            "tag": "{Effects:[{EffectId:10,EffectDuration:160}]}"
                        },
                        {
                            "function": "minecraft:set_count",
                            "count": 64
                        }
                    ]
                },
                {
                    "type": "item",
                    "name": "minecraft:suspicious_stew",
                    "functions": [
                        {
                            "function": "set_nbt",
                            "tag": "{Effects:[{EffectId:19,EffectDuration:240}]}"
                        },
                        {
                            "function": "minecraft:set_count",
                            "count": 64
                        }
                    ]
                },
                {
                    "type": "item",
                    "name": "minecraft:suspicious_stew",
                    "functions": [
                        {
                            "function": "set_nbt",
                            "tag": "{Effects:[{EffectId:23,EffectDuration:7}]}"
                        },
                        {
                            "function": "minecraft:set_count",
                            "count": 64
                        }
                    ]
                },
                {
                    "type": "item",
                    "name": "minecraft:suspicious_stew",
                    "functions": [
                        {
                            "function": "set_nbt",
                            "tag": "{Effects:[{EffectId:18,EffectDuration:180}]}"
                        },
                        {
                            "function": "minecraft:set_count",
                            "count": 64
                        }
                    ]
                },
                {
                    "type": "item",
                    "name": "minecraft:suspicious_stew",
                    "functions": [
                        {
                            "function": "set_nbt",
                            "tag": "{Effects:[{EffectId:20,EffectDuration:160}]}"
                        },
                        {
                            "function": "minecraft:set_count",
                            "count": 64
                        }
                    ]
                }
            ]
        }
    ]
}