{
    "pools": [
        {
            "rolls": 1,
            "entries": [
                {
                    "type": "item",
                    "name": "minecraft:barrier",
                    "functions": [

                        {
                            "function": "minecraft:set_count",
                            "count": 10
                        }
                    ]
                },
                {
                    "type": "item",
                    "name": "minecraft:debug_stick",
                    "functions": [

                        {
                            "function": "minecraft:set_count",
                            "count": 10
                        }
                    ]
                },
                {
                    "type": "item",
                    "name": "minecraft:spawner",
                    "functions": [

                        {
                            "function": "minecraft:set_count",
                            "count": 10
                        }
                    ]
                },
                {
                    "type": "item",
                    "name": "minecraft:structure_block",
                    "functions": [

                        {
                            "function": "minecraft:set_count",
                            "count": 10
                        }
                    ]
                },
                {
                    "type": "item",
                    "name": "minecraft:structure_void",
                    "functions": [

                        {
                            "function": "minecraft:set_count",
                            "count": 10
                        }
                    ]
                },
                {
                    "type": "item",
                    "name": "minecraft:trial_spawner",
                    "functions": [

                        {
                            "function": "minecraft:set_count",
                            "count": 10
                        }
                    ]
        },
        {
          "type": "minecraft:item",
          "name": "minecraft:end_portal_frame",
          "functions": [
            {
              "function": "minecraft:set_count",
              "count": 10
            }
          ]
        }
      ]
    }
  ]
}
