{
    "pools": [
        {
            "rolls": {
                "min": 1,
                "max": 64
              },
            "entries": [
                {
                    "type": "item",
                    "name": "minecraft:command_block"

                },
                {
                    "type": "item",
                    "name": "minecraft:chain_command_block"

                },
                {
                    "type": "item",
                    "name": "minecraft:repeating_command_block"

                },
                {
                    "type": "item",
                    "name": "minecraft:command_block_minecart"

                }
            ]
        }
    ]
}
