{
    "pools": [
        {
            "rolls": {
                "min": 1,
                "max": 64
            },
            "entries": [
                {
                    "type": "item",
                    "name": "minecraft:potion",
                    "functions": [
                        {
                        "function": "minecraft:set_components",
                        "components": {
                          "minecraft:potion_contents": {
                            "potion": "minecraft:fire_resistance"
                          }
                        }
                        }
                    ]
                },
                {
                    "type": "item",
                    "name": "minecraft:potion",
                    "functions": [
                        {
                        "function": "minecraft:set_components",
                        "components": {
                          "minecraft:potion_contents": {
                            "potion": "minecraft:strength"
                          }
                        }
                        }
                    ]
                },
                {
                    "type": "item",
                    "name": "minecraft:potion",
                    "functions": [
                        {
                        "function": "minecraft:set_components",
                        "components": {
                          "minecraft:potion_contents": {
                            "potion": "minecraft:swiftness"
                          }
                        }
                        }
                    ]
                },
                {
                    "type": "item",
                    "weight": 1,
                    "name": "minecraft:potion",
                    "functions": [
                        {
                        "function": "minecraft:set_components",
                        "components": {
                          "minecraft:potion_contents": {
                            "potion": "minecraft:regeneration"
                          }
                        }
                        }
                    ]
                },
                {
                    "type": "item",
                    "name": "minecraft:potion",
                    "functions": [
                        {
                        "function": "minecraft:set_components",
                        "components": {
                          "minecraft:potion_contents": {
                            "potion": "minecraft:healing"
                          }
                        }
                        }
                    ]
                },
                {
                    "type": "item",
                    "name": "minecraft:potion",
                    "functions": [
                        {
                        "function": "minecraft:set_components",
                        "components": {
                          "minecraft:potion_contents": {
                            "potion": "minecraft:slow_falling"
                          }
                        }
                        }
                    ]
                },
                {
                    "type": "item",
                    "name": "minecraft:potion",
                    "functions": [
                        {
                        "function": "minecraft:set_components",
                        "components": {
                          "minecraft:potion_contents": {
                            "potion": "minecraft:invisibility"
                          }
                        }
                        }
                    ]
                },
                {
                    "type": "item",
                    "name": "minecraft:potion",
                    "functions": [
                        {
                        "function": "minecraft:set_components",
                        "components": {
                          "minecraft:potion_contents": {
                            "potion": "minecraft:water_breathing"
                          }
                        }
                        }
                    ]
                },
                {
                    "type": "item",
                    "name": "minecraft:potion",
                    "functions": [
                        {
                        "function": "minecraft:set_components",
                        "components": {
                          "minecraft:potion_contents": {
                            "potion": "minecraft:poison"
                          }
                        }
                        }
                    ]
                },
                {
                    "type": "item",
                    "name": "minecraft:potion",
                    "functions": [
                        {
                        "function": "minecraft:set_components",
                        "components": {
                          "minecraft:potion_contents": {
                            "potion": "minecraft:slowness"
                          }
                        }
                        }
                    ]
                },
                {
                    "type": "item",
                    "name": "minecraft:potion",
                    "functions": [
                        {
                        "function": "minecraft:set_components",
                        "components": {
                          "minecraft:potion_contents": {
                            "potion": "minecraft:harming"
                          }
                        }
                        }
                    ]
                },
                {
                    "type": "item",
                    "name": "minecraft:potion",
                    "functions": [
                        {
                        "function": "minecraft:set_components",
                        "components": {
                          "minecraft:potion_contents": {
                            "potion": "minecraft:weakness"
                          }
                        }
                        }
                    ]
                },
                {
                    "type": "item",
                    "name": "minecraft:potion",
                    "functions": [
                        {
                        "function": "minecraft:set_components",
                        "components": {
                          "minecraft:potion_contents": {
                            "potion": "minecraft:night_vision"
                          }
                        }
                        }
                    ]
                },
                {
                    "type": "item",
                    "name": "minecraft:potion",
                    "functions": [
                        {
                        "function": "minecraft:set_components",
                        "components": {
                          "minecraft:potion_contents": {
                            "potion": "minecraft:turtle_master"
                          }
                        }
                        }
                    ]
                },
                {
                    "type": "item",
                    "name": "minecraft:potion",
                    "functions": [
                        {
                        "function": "minecraft:set_components",
                        "components": {
                          "minecraft:potion_contents": {
                            "potion": "minecraft:leaping"
                          }
                        }
                        }
                    ]
                },
                {
                    "type": "item",
                    "name": "minecraft:potion",
                    "functions": [
                        {
                        "function": "minecraft:set_components",
                        "components": {
                          "minecraft:potion_contents": {
                            "potion": "minecraft:luck"
                          }
                        }
                        }
                    ]
                },
                {
                    "type": "item",
                    "name": "minecraft:potion",
                    "functions": [
                        {
                        "function": "minecraft:set_components",
                        "components": {
                          "minecraft:potion_contents": {
                            "potion": "minecraft:strong_leaping"
                          }
                        }
                        }
                    ]
                },
                {
                    "type": "item",
                    "name": "minecraft:potion",
                    "functions": [
                        {
                        "function": "minecraft:set_components",
                        "components": {
                          "minecraft:potion_contents": {
                            "potion": "minecraft:strong_swiftness"
                          }
                        }
                        }
                    ]
                },
                {
                    "type": "item",
                    "name": "minecraft:potion",
                    "functions": [
                        {
                        "function": "minecraft:set_components",
                        "components": {
                          "minecraft:potion_contents": {
                            "potion": "minecraft:strong_slowness"
                          }
                        }
                        }
                    ]
                },
                {
                    "type": "item",
                    "name": "minecraft:potion",
                    "functions": [
                        {
                        "function": "minecraft:set_components",
                        "components": {
                          "minecraft:potion_contents": {
                            "potion": "minecraft:strong_healing"
                          }
                        }
                        }
                    ]
                },
                {
                    "type": "item",
                    "name": "minecraft:potion",
                    "functions": [
                        {
                        "function": "minecraft:set_components",
                        "components": {
                          "minecraft:potion_contents": {
                            "potion": "minecraft:strong_harming"
                          }
                        }
                        }
                    ]
                },
                {
                    "type": "item",
                    "name": "minecraft:potion",
                    "functions": [
                        {
                        "function": "minecraft:set_components",
                        "components": {
                          "minecraft:potion_contents": {
                            "potion": "minecraft:strong_poison"
                          }
                        }
                        }
                    ]
                },
                {
                    "type": "item",
                    "name": "minecraft:potion",
                    "functions": [
                        {
                        "function": "minecraft:set_components",
                        "components": {
                          "minecraft:potion_contents": {
                            "potion": "minecraft:strong_regeneration"
                          }
                        }
                        }
                    ]
                },
                {
                    "type": "item",
                    "name": "minecraft:potion",
                    "functions": [
                        {
                        "function": "minecraft:set_components",
                        "components": {
                          "minecraft:potion_contents": {
                            "potion": "minecraft:strong_strength"
                          }
                        }
                        }
                    ]
                },
                {
                    "type": "item",
                    "name": "minecraft:potion",
                    "functions": [
                        {
                        "function": "minecraft:set_components",
                        "components": {
                          "minecraft:potion_contents": {
                            "potion": "minecraft:strong_turtle_master"
                          }
                        }
                        }
                    ]
                },
                {
                    "type": "item",
                    "name": "minecraft:potion",
                    "functions": [
                        {
                        "function": "minecraft:set_components",
                        "components": {
                          "minecraft:potion_contents": {
                            "potion": "minecraft:long_night_vision"
                          }
                        }
                        }
                    ]
                },
                {
                    "type": "item",
                    "name": "minecraft:potion",
                    "functions": [
                        {
                        "function": "minecraft:set_components",
                        "components": {
                          "minecraft:potion_contents": {
                            "potion": "minecraft:long_invisibility"
                          }
                        }
                        }
                    ]
                },
                {
                    "type": "item",
                    "name": "minecraft:potion",
                    "functions": [
                        {
                        "function": "minecraft:set_components",
                        "components": {
                          "minecraft:potion_contents": {
                            "potion": "minecraft:long_leaping"
                          }
                        }
                        }
                    ]
                },
                {
                    "type": "item",
                    "name": "minecraft:potion",
                    "functions": [
                        {
                        "function": "minecraft:set_components",
                        "components": {
                          "minecraft:potion_contents": {
                            "potion": "minecraft:long_fire_resistance"
                          }
                        }
                        }
                    ]
                },
                {
                    "type": "item",
                    "name": "minecraft:potion",
                    "functions": [
                        {
                        "function": "minecraft:set_components",
                        "components": {
                          "minecraft:potion_contents": {
                            "potion": "minecraft:long_swiftness"
                          }
                        }
                        }
                    ]
                },
                {
                    "type": "item",
                    "name": "minecraft:potion",
                    "functions": [
                        {
                        "function": "minecraft:set_components",
                        "components": {
                          "minecraft:potion_contents": {
                            "potion": "minecraft:long_slowness"
                          }
                        }
                        }
                    ]
                },
                {
                    "type": "item",
                    "name": "minecraft:potion",
                    "functions": [
                        {
                        "function": "minecraft:set_components",
                        "components": {
                          "minecraft:potion_contents": {
                            "potion": "minecraft:long_water_breathing"
                          }
                        }
                        }
                    ]
                },
                {
                    "type": "item",
                    "name": "minecraft:potion",
                    "functions": [
                        {
                        "function": "minecraft:set_components",
                        "components": {
                          "minecraft:potion_contents": {
                            "potion": "minecraft:long_poison"
                          }
                        }
                        }
                    ]
                },
                {
                    "type": "item",
                    "name": "minecraft:potion",
                    "functions": [
                        {
                        "function": "minecraft:set_components",
                        "components": {
                          "minecraft:potion_contents": {
                            "potion": "minecraft:long_regeneration"
                          }
                        }
                        }
                    ]
                },
                {
                    "type": "item",
                    "name": "minecraft:potion",
                    "functions": [
                        {
                        "function": "minecraft:set_components",
                        "components": {
                          "minecraft:potion_contents": {
                            "potion": "minecraft:long_strength"
                          }
                        }
                        }
                    ]
                },
                {
                    "type": "item",
                    "name": "minecraft:potion",
                    "functions": [
                        {
                        "function": "minecraft:set_components",
                        "components": {
                          "minecraft:potion_contents": {
                            "potion": "minecraft:long_weakness"
                          }
                        }
                        }
                    ]
                },
                {
                    "type": "item",
                    "name": "minecraft:potion",
                    "functions": [
                        {
                        "function": "minecraft:set_components",
                        "components": {
                          "minecraft:potion_contents": {
                            "potion": "minecraft:long_turtle_master"
                          }
                        }
                        }
                    ]
                },
                {
                    "type": "item",
                    "name": "minecraft:potion",
                    "functions": [
                        {
                        "function": "minecraft:set_components",
                        "components": {
                          "minecraft:potion_contents": {
                            "potion": "minecraft:long_slow_falling"
                          }
                        }
                        }
                    ]
                }
            ]
        }
    ]
}
