{
    "pools": [
        {
            "rolls": 1,
            "entries": [
                {
                    "type": "item",
                    "name": "minecraft:barrier",
                    "functions": [
            {
              "function": "minecraft:set_count",
              "count": {
                "type": "minecraft:score",
                "target": {
                  "type": "minecraft:fixed",
                  "name": "RandomItemGiver"
                },
                "score": "rig_RandomAmountSameItemsNumber"
              }
            }
                    ]
                },
                {
                    "type": "item",
                    "name": "minecraft:debug_stick",
                    "functions": [
            {
              "function": "minecraft:set_count",
              "count": {
                "type": "minecraft:score",
                "target": {
                  "type": "minecraft:fixed",
                  "name": "RandomItemGiver"
                },
                "score": "rig_RandomAmountSameItemsNumber"
              }
            }
                    ]
                },
                {
                    "type": "item",
                    "name": "minecraft:spawner",
                    "functions": [
            {
              "function": "minecraft:set_count",
              "count": {
                "type": "minecraft:score",
                "target": {
                  "type": "minecraft:fixed",
                  "name": "RandomItemGiver"
                },
                "score": "rig_RandomAmountSameItemsNumber"
              }
            }
                    ]
                },
                {
                    "type": "item",
                    "name": "minecraft:structure_block",
                    "functions": [
            {
              "function": "minecraft:set_count",
              "count": {
                "type": "minecraft:score",
                "target": {
                  "type": "minecraft:fixed",
                  "name": "RandomItemGiver"
                },
                "score": "rig_RandomAmountSameItemsNumber"
              }
            }
                    ]
                },
                {
                    "type": "item",
                    "name": "minecraft:structure_void",
                    "functions": [
            {
              "function": "minecraft:set_count",
              "count": {
                "type": "minecraft:score",
                "target": {
                  "type": "minecraft:fixed",
                  "name": "RandomItemGiver"
                },
                "score": "rig_RandomAmountSameItemsNumber"
              }
            }
                    ]
                }
            ]
        }
    ]
}