{
    "pools": [
        {
            "rolls": 1,
            "entries": [
                {
                    "type": "minecraft:item",
                    "name": "minecraft:painting",
                    "functions": [
                        {
                            "function": "minecraft:set_count",
                            "count": {
                                "type": "minecraft:score",
                                "target": {
                                    "type": "minecraft:fixed",
                                    "name": "RandomItemGiver"
                                },
                                "score": "rig_RandomAmountSameItemsNumber"
                            }
                        },
                        {
                        "function": "minecraft:set_components",
                        "components": {
                          "minecraft:entity_data": {
                            "id": "minecraft:painting",
                  "variant": "minecraft:kebab"
                          }
                        }
                        }
                    ]
                },
                {
                    "type": "minecraft:item",
                    "name": "minecraft:painting",
                    "functions": [
                        {
                            "function": "minecraft:set_count",
                            "count": {
                                "type": "minecraft:score",
                                "target": {
                                    "type": "minecraft:fixed",
                                    "name": "RandomItemGiver"
                                },
                                "score": "rig_RandomAmountSameItemsNumber"
                            }
                        },
                        {
                        "function": "minecraft:set_components",
                        "components": {
                          "minecraft:entity_data": {
                            "id": "minecraft:painting",
                  "variant": "minecraft:aztec"
                          }
                        }
                        }
                    ]
                },
                {
                    "type": "minecraft:item",
                    "name": "minecraft:painting",
                    "functions": [
                        {
                            "function": "minecraft:set_count",
                            "count": {
                                "type": "minecraft:score",
                                "target": {
                                    "type": "minecraft:fixed",
                                    "name": "RandomItemGiver"
                                },
                                "score": "rig_RandomAmountSameItemsNumber"
                            }
                        },
                        {
                        "function": "minecraft:set_components",
                        "components": {
                          "minecraft:entity_data": {
                            "id": "minecraft:painting",
                  "variant": "minecraft:alban"
                          }
                        }
                        }
                    ]
                },
                {
                    "type": "minecraft:item",
                    "name": "minecraft:painting",
                    "functions": [
                        {
                            "function": "minecraft:set_count",
                            "count": {
                                "type": "minecraft:score",
                                "target": {
                                    "type": "minecraft:fixed",
                                    "name": "RandomItemGiver"
                                },
                                "score": "rig_RandomAmountSameItemsNumber"
                            }
                        },
                        {
                        "function": "minecraft:set_components",
                        "components": {
                          "minecraft:entity_data": {
                            "id": "minecraft:painting",
                  "variant": "minecraft:aztec2"
                          }
                        }
                        }
                    ]
                },
                {
                    "type": "minecraft:item",
                    "name": "minecraft:painting",
                    "functions": [
                        {
                            "function": "minecraft:set_count",
                            "count": {
                                "type": "minecraft:score",
                                "target": {
                                    "type": "minecraft:fixed",
                                    "name": "RandomItemGiver"
                                },
                                "score": "rig_RandomAmountSameItemsNumber"
                            }
                        },
                        {
                        "function": "minecraft:set_components",
                        "components": {
                          "minecraft:entity_data": {
                            "id": "minecraft:painting",
                  "variant": "minecraft:bomb"
                          }
                        }
                        }
                    ]
                },
                {
                    "type": "minecraft:item",
                    "name": "minecraft:painting",
                    "functions": [
                        {
                            "function": "minecraft:set_count",
                            "count": {
                                "type": "minecraft:score",
                                "target": {
                                    "type": "minecraft:fixed",
                                    "name": "RandomItemGiver"
                                },
                                "score": "rig_RandomAmountSameItemsNumber"
                            }
                        },
                        {
                        "function": "minecraft:set_components",
                        "components": {
                          "minecraft:entity_data": {
                            "id": "minecraft:painting",
                  "variant": "minecraft:plant"
                          }
                        }
                        }
                    ]
                },
                {
                    "type": "minecraft:item",
                    "name": "minecraft:painting",
                    "functions": [
                        {
                            "function": "minecraft:set_count",
                            "count": {
                                "type": "minecraft:score",
                                "target": {
                                    "type": "minecraft:fixed",
                                    "name": "RandomItemGiver"
                                },
                                "score": "rig_RandomAmountSameItemsNumber"
                            }
                        },
                        {
                        "function": "minecraft:set_components",
                        "components": {
                          "minecraft:entity_data": {
                            "id": "minecraft:painting",
                  "variant": "minecraft:wasteland"
                          }
                        }
                        }
                    ]
                },
                {
                    "type": "minecraft:item",
                    "name": "minecraft:painting",
                    "functions": [
                        {
                            "function": "minecraft:set_count",
                            "count": {
                                "type": "minecraft:score",
                                "target": {
                                    "type": "minecraft:fixed",
                                    "name": "RandomItemGiver"
                                },
                                "score": "rig_RandomAmountSameItemsNumber"
                            }
                        },
                        {
                        "function": "minecraft:set_components",
                        "components": {
                          "minecraft:entity_data": {
                            "id": "minecraft:painting",
                  "variant": "minecraft:wanderer"
                          }
                        }
                        }
                    ]
                },
                {
                    "type": "minecraft:item",
                    "name": "minecraft:painting",
                    "functions": [
                        {
                            "function": "minecraft:set_count",
                            "count": {
                                "type": "minecraft:score",
                                "target": {
                                    "type": "minecraft:fixed",
                                    "name": "RandomItemGiver"
                                },
                                "score": "rig_RandomAmountSameItemsNumber"
                            }
                        },
                        {
                        "function": "minecraft:set_components",
                        "components": {
                          "minecraft:entity_data": {
                            "id": "minecraft:painting",
                  "variant": "minecraft:graham"
                          }
                        }
                        }
                    ]
                },
                {
                    "type": "minecraft:item",
                    "name": "minecraft:painting",
                    "functions": [
                        {
                            "function": "minecraft:set_count",
                            "count": {
                                "type": "minecraft:score",
                                "target": {
                                    "type": "minecraft:fixed",
                                    "name": "RandomItemGiver"
                                },
                                "score": "rig_RandomAmountSameItemsNumber"
                            }
                        },
                        {
                        "function": "minecraft:set_components",
                        "components": {
                          "minecraft:entity_data": {
                            "id": "minecraft:painting",
                  "variant": "minecraft:pool"
                          }
                        }
                        }
                    ]
                },
                {
                    "type": "minecraft:item",
                    "name": "minecraft:painting",
                    "functions": [
                        {
                            "function": "minecraft:set_count",
                            "count": {
                                "type": "minecraft:score",
                                "target": {
                                    "type": "minecraft:fixed",
                                    "name": "RandomItemGiver"
                                },
                                "score": "rig_RandomAmountSameItemsNumber"
                            }
                        },
                        {
                        "function": "minecraft:set_components",
                        "components": {
                          "minecraft:entity_data": {
                            "id": "minecraft:painting",
                  "variant": "minecraft:courbet"
                          }
                        }
                        }
                    ]
                },
                {
                    "type": "minecraft:item",
                    "name": "minecraft:painting",
                    "functions": [
                        {
                            "function": "minecraft:set_count",
                            "count": {
                                "type": "minecraft:score",
                                "target": {
                                    "type": "minecraft:fixed",
                                    "name": "RandomItemGiver"
                                },
                                "score": "rig_RandomAmountSameItemsNumber"
                            }
                        },
                        {
                        "function": "minecraft:set_components",
                        "components": {
                          "minecraft:entity_data": {
                            "id": "minecraft:painting",
                  "variant": "minecraft:sea"
                          }
                        }
                        }
                    ]
                },
                {
                    "type": "minecraft:item",
                    "name": "minecraft:painting",
                    "functions": [
                        {
                            "function": "minecraft:set_count",
                            "count": {
                                "type": "minecraft:score",
                                "target": {
                                    "type": "minecraft:fixed",
                                    "name": "RandomItemGiver"
                                },
                                "score": "rig_RandomAmountSameItemsNumber"
                            }
                        },
                        {
                        "function": "minecraft:set_components",
                        "components": {
                          "minecraft:entity_data": {
                            "id": "minecraft:painting",
                  "variant": "minecraft:sunset"
                          }
                        }
                        }
                    ]
                },
                {
                    "type": "minecraft:item",
                    "name": "minecraft:painting",
                    "functions": [
                        {
                            "function": "minecraft:set_count",
                            "count": {
                                "type": "minecraft:score",
                                "target": {
                                    "type": "minecraft:fixed",
                                    "name": "RandomItemGiver"
                                },
                                "score": "rig_RandomAmountSameItemsNumber"
                            }
                        },
                        {
                        "function": "minecraft:set_components",
                        "components": {
                          "minecraft:entity_data": {
                            "id": "minecraft:painting",
                  "variant": "minecraft:creebet"
                          }
                        }
                        }
                    ]
                },
                {
                    "type": "minecraft:item",
                    "name": "minecraft:painting",
                    "functions": [
                        {
                            "function": "minecraft:set_count",
                            "count": {
                                "type": "minecraft:score",
                                "target": {
                                    "type": "minecraft:fixed",
                                    "name": "RandomItemGiver"
                                },
                                "score": "rig_RandomAmountSameItemsNumber"
                            }
                        },
                        {
                        "function": "minecraft:set_components",
                        "components": {
                          "minecraft:entity_data": {
                            "id": "minecraft:painting",
                  "variant": "minecraft:match"
                          }
                        }
                        }
                    ]
                },
                {
                    "type": "minecraft:item",
                    "name": "minecraft:painting",
                    "functions": [
                        {
                            "function": "minecraft:set_count",
                            "count": {
                                "type": "minecraft:score",
                                "target": {
                                    "type": "minecraft:fixed",
                                    "name": "RandomItemGiver"
                                },
                                "score": "rig_RandomAmountSameItemsNumber"
                            }
                        },
                        {
                        "function": "minecraft:set_components",
                        "components": {
                          "minecraft:entity_data": {
                            "id": "minecraft:painting",
                  "variant": "minecraft:bust"
                          }
                        }
                        }
                    ]
                },
                {
                    "type": "minecraft:item",
                    "name": "minecraft:painting",
                    "functions": [
                        {
                            "function": "minecraft:set_count",
                            "count": {
                                "type": "minecraft:score",
                                "target": {
                                    "type": "minecraft:fixed",
                                    "name": "RandomItemGiver"
                                },
                                "score": "rig_RandomAmountSameItemsNumber"
                            }
                        },
                        {
                        "function": "minecraft:set_components",
                        "components": {
                          "minecraft:entity_data": {
                            "id": "minecraft:painting",
                  "variant": "minecraft:stage"
                          }
                        }
                        }
                    ]
                },
                {
                    "type": "minecraft:item",
                    "name": "minecraft:painting",
                    "functions": [
                        {
                            "function": "minecraft:set_count",
                            "count": {
                                "type": "minecraft:score",
                                "target": {
                                    "type": "minecraft:fixed",
                                    "name": "RandomItemGiver"
                                },
                                "score": "rig_RandomAmountSameItemsNumber"
                            }
                        },
                        {
                        "function": "minecraft:set_components",
                        "components": {
                          "minecraft:entity_data": {
                            "id": "minecraft:painting",
                  "variant": "minecraft:void"
                          }
                        }
                        }
                    ]
                },
                {
                    "type": "minecraft:item",
                    "name": "minecraft:painting",
                    "functions": [
                        {
                            "function": "minecraft:set_count",
                            "count": {
                                "type": "minecraft:score",
                                "target": {
                                    "type": "minecraft:fixed",
                                    "name": "RandomItemGiver"
                                },
                                "score": "rig_RandomAmountSameItemsNumber"
                            }
                        },
                        {
                        "function": "minecraft:set_components",
                        "components": {
                          "minecraft:entity_data": {
                            "id": "minecraft:painting",
                  "variant": "minecraft:skull_and_roses"
                          }
                        }
                        }
                    ]
                },
                {
                    "type": "minecraft:item",
                    "name": "minecraft:painting",
                    "functions": [
                        {
                            "function": "minecraft:set_count",
                            "count": {
                                "type": "minecraft:score",
                                "target": {
                                    "type": "minecraft:fixed",
                                    "name": "RandomItemGiver"
                                },
                                "score": "rig_RandomAmountSameItemsNumber"
                            }
                        },
                        {
                        "function": "minecraft:set_components",
                        "components": {
                          "minecraft:entity_data": {
                            "id": "minecraft:painting",
                  "variant": "minecraft:wither"
                          }
                        }
                        }
                    ]
                },
                {
                    "type": "minecraft:item",
                    "name": "minecraft:painting",
                    "functions": [
                        {
                            "function": "minecraft:set_count",
                            "count": {
                                "type": "minecraft:score",
                                "target": {
                                    "type": "minecraft:fixed",
                                    "name": "RandomItemGiver"
                                },
                                "score": "rig_RandomAmountSameItemsNumber"
                            }
                        },
                        {
                        "function": "minecraft:set_components",
                        "components": {
                          "minecraft:entity_data": {
                            "id": "minecraft:painting",
                  "variant": "minecraft:fighters"
                          }
                        }
                        }
                    ]
                },
                {
                    "type": "minecraft:item",
                    "name": "minecraft:painting",
                    "functions": [
                        {
                            "function": "minecraft:set_count",
                            "count": {
                                "type": "minecraft:score",
                                "target": {
                                    "type": "minecraft:fixed",
                                    "name": "RandomItemGiver"
                                },
                                "score": "rig_RandomAmountSameItemsNumber"
                            }
                        },
                        {
                        "function": "minecraft:set_components",
                        "components": {
                          "minecraft:entity_data": {
                            "id": "minecraft:painting",
                  "variant": "minecraft:skeleton"
                          }
                        }
                        }
                    ]
                },
                {
                    "type": "minecraft:item",
                    "name": "minecraft:painting",
                    "functions": [
                        {
                            "function": "minecraft:set_count",
                            "count": {
                                "type": "minecraft:score",
                                "target": {
                                    "type": "minecraft:fixed",
                                    "name": "RandomItemGiver"
                                },
                                "score": "rig_RandomAmountSameItemsNumber"
                            }
                        },
                        {
                        "function": "minecraft:set_components",
                        "components": {
                          "minecraft:entity_data": {
                            "id": "minecraft:painting",
                  "variant": "minecraft:donkey_kong"
                          }
                        }
                        }
                    ]
                },
                {
                    "type": "minecraft:item",
                    "name": "minecraft:painting",
                    "functions": [
                        {
                            "function": "minecraft:set_count",
                            "count": {
                                "type": "minecraft:score",
                                "target": {
                                    "type": "minecraft:fixed",
                                    "name": "RandomItemGiver"
                                },
                                "score": "rig_RandomAmountSameItemsNumber"
                            }
                        },
                        {
                        "function": "minecraft:set_components",
                        "components": {
                          "minecraft:entity_data": {
                            "id": "minecraft:painting",
                  "variant": "minecraft:pointer"
                          }
                        }
                        }
                    ]
                },
                {
                    "type": "minecraft:item",
                    "name": "minecraft:painting",
                    "functions": [
                        {
                            "function": "minecraft:set_count",
                            "count": {
                                "type": "minecraft:score",
                                "target": {
                                    "type": "minecraft:fixed",
                                    "name": "RandomItemGiver"
                                },
                                "score": "rig_RandomAmountSameItemsNumber"
                            }
                        },
                        {
                        "function": "minecraft:set_components",
                        "components": {
                          "minecraft:entity_data": {
                            "id": "minecraft:painting",
                  "variant": "minecraft:burning_skull"
                          }
                        }
                        }
                    ]
        },
        {
          "type": "minecraft:item",
          "name": "minecraft:painting",
          "functions": [
            {
              "function": "minecraft:set_count",
                "count": {
                  "type": "minecraft:score",
                  "target": {
                    "type": "minecraft:fixed",
                    "name": "RandomItemGiver"
                },
                "score": "RandomAmountSameItemsNumber"
              }
            },
                        {
                            "function": "set_components",
                            "components": {
"minecraft:entity_data": {
                            "id": "minecraft:painting",
                            "variant": "minecraft:meditative"
                          }
                           }
                        }
                    ]
        },
        {
          "type": "minecraft:item",
          "name": "minecraft:painting",
          "functions": [
            {
              "function": "minecraft:set_count",
                "count": {
                  "type": "minecraft:score",
                  "target": {
                    "type": "minecraft:fixed",
                    "name": "RandomItemGiver"
                },
                "score": "RandomAmountSameItemsNumber"
              }
            },
                        {
                            "function": "set_components",
                            "components": {
"minecraft:entity_data": {
                            "id": "minecraft:painting",
                            "variant": "minecraft:prairie_ride"
                          }
                           }
                        }
                    ]
        },
        {
          "type": "minecraft:item",
          "name": "minecraft:painting",
          "functions": [
            {
              "function": "minecraft:set_count",
                "count": {
                  "type": "minecraft:score",
                  "target": {
                    "type": "minecraft:fixed",
                    "name": "RandomItemGiver"
                },
                "score": "RandomAmountSameItemsNumber"
              }
            },
                        {
                            "function": "set_components",
                            "components": {
"minecraft:entity_data": {
                            "id": "minecraft:painting",
                            "variant": "minecraft:baroque"
                          }
                           }
                        }
                    ]
        },
        {
          "type": "minecraft:item",
          "name": "minecraft:painting",
          "functions": [
            {
              "function": "minecraft:set_count",
                "count": {
                  "type": "minecraft:score",
                  "target": {
                    "type": "minecraft:fixed",
                    "name": "RandomItemGiver"
                },
                "score": "RandomAmountSameItemsNumber"
              }
            },
                        {
                            "function": "set_components",
                            "components": {
"minecraft:entity_data": {
                            "id": "minecraft:painting",
                            "variant": "minecraft:humble"
                          }
                           }
                        }
                    ]
        },
        {
          "type": "minecraft:item",
          "name": "minecraft:painting",
          "functions": [
            {
              "function": "minecraft:set_count",
                "count": {
                  "type": "minecraft:score",
                  "target": {
                    "type": "minecraft:fixed",
                    "name": "RandomItemGiver"
                },
                "score": "RandomAmountSameItemsNumber"
              }
            },
                        {
                            "function": "set_components",
                            "components": {
"minecraft:entity_data": {
                            "id": "minecraft:painting",
                            "variant": "minecraft:unpacked"
                          }
                           }
                        }
                    ]
        },
        {
          "type": "minecraft:item",
          "name": "minecraft:painting",
          "functions": [
            {
              "function": "minecraft:set_count",
                "count": {
                  "type": "minecraft:score",
                  "target": {
                    "type": "minecraft:fixed",
                    "name": "RandomItemGiver"
                },
                "score": "RandomAmountSameItemsNumber"
              }
            },
                        {
                            "function": "set_components",
                            "components": {
"minecraft:entity_data": {
                            "id": "minecraft:painting",
                            "variant": "minecraft:bouquet"
                          }
                           }
                        }
                    ]
        },
        {
          "type": "minecraft:item",
          "name": "minecraft:painting",
          "functions": [
            {
              "function": "minecraft:set_count",
                "count": {
                  "type": "minecraft:score",
                  "target": {
                    "type": "minecraft:fixed",
                    "name": "RandomItemGiver"
                },
                "score": "RandomAmountSameItemsNumber"
              }
            },
                        {
                            "function": "set_components",
                            "components": {
"minecraft:entity_data": {
                            "id": "minecraft:painting",
                            "variant": "minecraft:cavebird"
                          }
                           }
                        }
                    ]
        },
        {
          "type": "minecraft:item",
          "name": "minecraft:painting",
          "functions": [
            {
              "function": "minecraft:set_count",
                "count": {
                  "type": "minecraft:score",
                  "target": {
                    "type": "minecraft:fixed",
                    "name": "RandomItemGiver"
                },
                "score": "RandomAmountSameItemsNumber"
              }
            },
                        {
                            "function": "set_components",
                            "components": {
"minecraft:entity_data": {
                            "id": "minecraft:painting",
                            "variant": "minecraft:cotan"
                          }
                           }
                        }
                    ]
        },
        {
          "type": "minecraft:item",
          "name": "minecraft:painting",
          "functions": [
            {
              "function": "minecraft:set_count",
                "count": {
                  "type": "minecraft:score",
                  "target": {
                    "type": "minecraft:fixed",
                    "name": "RandomItemGiver"
                },
                "score": "RandomAmountSameItemsNumber"
              }
            },
                        {
                            "function": "set_components",
                            "components": {
"minecraft:entity_data": {
                            "id": "minecraft:painting",
                            "variant": "minecraft:endboss"
                          }
                           }
                        }
                    ]
        },
        {
          "type": "minecraft:item",
          "name": "minecraft:painting",
          "functions": [
            {
              "function": "minecraft:set_count",
                "count": {
                  "type": "minecraft:score",
                  "target": {
                    "type": "minecraft:fixed",
                    "name": "RandomItemGiver"
                },
                "score": "RandomAmountSameItemsNumber"
              }
            },
                        {
                            "function": "set_components",
                            "components": {
"minecraft:entity_data": {
                            "id": "minecraft:painting",
                            "variant": "minecraft:fern"
                          }
                           }
                        }
                    ]
        },
        {
          "type": "minecraft:item",
          "name": "minecraft:painting",
          "functions": [
            {
              "function": "minecraft:set_count",
                "count": {
                  "type": "minecraft:score",
                  "target": {
                    "type": "minecraft:fixed",
                    "name": "RandomItemGiver"
                },
                "score": "RandomAmountSameItemsNumber"
              }
            },
                        {
                            "function": "set_components",
                            "components": {
"minecraft:entity_data": {
                            "id": "minecraft:painting",
                            "variant": "minecraft:owlemons"
                          }
                           }
                        }
                    ]
        },
        {
          "type": "minecraft:item",
          "name": "minecraft:painting",
          "functions": [
            {
              "function": "minecraft:set_count",
                "count": {
                  "type": "minecraft:score",
                  "target": {
                    "type": "minecraft:fixed",
                    "name": "RandomItemGiver"
                },
                "score": "RandomAmountSameItemsNumber"
              }
            },
                        {
                            "function": "set_components",
                            "components": {
"minecraft:entity_data": {
                            "id": "minecraft:painting",
                            "variant": "minecraft:sunflowers"
                          }
                           }
                        }
                    ]
        },
        {
          "type": "minecraft:item",
          "name": "minecraft:painting",
          "functions": [
            {
              "function": "minecraft:set_count",
                "count": {
                  "type": "minecraft:score",
                  "target": {
                    "type": "minecraft:fixed",
                    "name": "RandomItemGiver"
                },
                "score": "RandomAmountSameItemsNumber"
              }
            },
                        {
                            "function": "set_components",
                            "components": {
"minecraft:entity_data": {
                            "id": "minecraft:painting",
                            "variant": "minecraft:tides"
                          }
                           }
                        }
                    ]
        },
        {
          "type": "minecraft:item",
          "name": "minecraft:painting",
          "functions": [
            {
              "function": "minecraft:set_count",
                "count": {
                  "type": "minecraft:score",
                  "target": {
                    "type": "minecraft:fixed",
                    "name": "RandomItemGiver"
                },
                "score": "RandomAmountSameItemsNumber"
              }
            },
                        {
                            "function": "set_components",
                            "components": {
"minecraft:entity_data": {
                            "id": "minecraft:painting",
                            "variant": "minecraft:backyard"
                          }
                           }
                        }
                    ]
        },
        {
          "type": "minecraft:item",
          "name": "minecraft:painting",
          "functions": [
            {
              "function": "minecraft:set_count",
                "count": {
                  "type": "minecraft:score",
                  "target": {
                    "type": "minecraft:fixed",
                    "name": "RandomItemGiver"
                },
                "score": "RandomAmountSameItemsNumber"
              }
            },
                        {
                            "function": "set_components",
                            "components": {
"minecraft:entity_data": {
                            "id": "minecraft:painting",
                            "variant": "minecraft:pond"
                          }
                           }
                        }
                    ]
        },
        {
          "type": "minecraft:item",
          "name": "minecraft:painting",
          "functions": [
            {
              "function": "minecraft:set_count",
                "count": {
                  "type": "minecraft:score",
                  "target": {
                    "type": "minecraft:fixed",
                    "name": "RandomItemGiver"
                },
                "score": "RandomAmountSameItemsNumber"
              }
            },
                        {
                            "function": "set_components",
                            "components": {
"minecraft:entity_data": {
                            "id": "minecraft:painting",
                            "variant": "minecraft:changing"
                          }
                           }
                        }
                    ]
        },
        {
          "type": "minecraft:item",
          "name": "minecraft:painting",
          "functions": [
            {
              "function": "minecraft:set_count",
                "count": {
                  "type": "minecraft:score",
                  "target": {
                    "type": "minecraft:fixed",
                    "name": "RandomItemGiver"
                },
                "score": "RandomAmountSameItemsNumber"
              }
            },
                        {
                            "function": "set_components",
                            "components": {
"minecraft:entity_data": {
                            "id": "minecraft:painting",
                            "variant": "minecraft:finding"
                          }
                           }
                        }
                    ]
        },
        {
          "type": "minecraft:item",
          "name": "minecraft:painting",
          "functions": [
            {
              "function": "minecraft:set_count",
                "count": {
                  "type": "minecraft:score",
                  "target": {
                    "type": "minecraft:fixed",
                    "name": "RandomItemGiver"
                },
                "score": "RandomAmountSameItemsNumber"
              }
            },
                        {
                            "function": "set_components",
                            "components": {
"minecraft:entity_data": {
                            "id": "minecraft:painting",
                            "variant": "minecraft:lowmist"
                          }
                           }
                        }
                    ]
        },
        {
          "type": "minecraft:item",
          "name": "minecraft:painting",
          "functions": [
            {
              "function": "minecraft:set_count",
                "count": {
                  "type": "minecraft:score",
                  "target": {
                    "type": "minecraft:fixed",
                    "name": "RandomItemGiver"
                },
                "score": "RandomAmountSameItemsNumber"
              }
            },
                        {
                            "function": "set_components",
                            "components": {
"minecraft:entity_data": {
                            "id": "minecraft:painting",
                            "variant": "minecraft:passage"
                          }
                           }
                        }
                    ]
        },
        {
          "type": "minecraft:item",
          "name": "minecraft:painting",
          "functions": [
            {
              "function": "minecraft:set_count",
                "count": {
                  "type": "minecraft:score",
                  "target": {
                    "type": "minecraft:fixed",
                    "name": "RandomItemGiver"
                },
                "score": "RandomAmountSameItemsNumber"
              }
            },
                        {
                            "function": "set_components",
                            "components": {
"minecraft:entity_data": {
                            "id": "minecraft:painting",
                            "variant": "minecraft:orb"
                          }
                           }
                        }
                    ]
        }
      ]
    }
  ]
}