{
    "pools": [
        {
            "rolls": 1,
            "entries": [
                {
                    "type": "item",
                    "name": "minecraft:tipped_arrow",
                    "functions": [
                        {
                        "function": "minecraft:set_components",
                        "components": {
                          "minecraft:potion_contents": {
                            "potion": "minecraft:fire_resistance"
                          }
                        }
                        },
                        {
                            "function": "minecraft:set_count",
                            "count": {
                                "type": "minecraft:score",
                                "target": {
                                    "type": "minecraft:fixed",
                                    "name": "RandomItemGiver"
                                },
                                "score": "rig_RandomAmountSameItemsNumber"
                            }
                        }
                    ]
                },
                {
                    "type": "item",
                    "name": "minecraft:tipped_arrow",
                    "functions": [
                        {
                        "function": "minecraft:set_components",
                        "components": {
                          "minecraft:potion_contents": {
                            "potion": "minecraft:strength"
                          }
                        }
                        },
                        {
                            "function": "minecraft:set_count",
                            "count": {
                                "type": "minecraft:score",
                                "target": {
                                    "type": "minecraft:fixed",
                                    "name": "RandomItemGiver"
                                },
                                "score": "rig_RandomAmountSameItemsNumber"
                            }
                        }
                    ]
                },
                {
                    "type": "item",
                    "name": "minecraft:tipped_arrow",
                    "functions": [
                        {
                        "function": "minecraft:set_components",
                        "components": {
                          "minecraft:potion_contents": {
                            "potion": "minecraft:swiftness"
                          }
                        }
                        },
                        {
                            "function": "minecraft:set_count",
                            "count": {
                                "type": "minecraft:score",
                                "target": {
                                    "type": "minecraft:fixed",
                                    "name": "RandomItemGiver"
                                },
                                "score": "rig_RandomAmountSameItemsNumber"
                            }
                        }
                    ]
                },
                {
                    "type": "item",
                    "weight": 1,
                    "name": "minecraft:tipped_arrow",
                    "functions": [
                        {
                        "function": "minecraft:set_components",
                        "components": {
                          "minecraft:potion_contents": {
                            "potion": "minecraft:regeneration"
                          }
                        }
                        },
                        {
                            "function": "minecraft:set_count",
                            "count": {
                                "type": "minecraft:score",
                                "target": {
                                    "type": "minecraft:fixed",
                                    "name": "RandomItemGiver"
                                },
                                "score": "rig_RandomAmountSameItemsNumber"
                            }
                        }
                    ]
                },
                {
                    "type": "item",
                    "name": "minecraft:tipped_arrow",
                    "functions": [
                        {
                        "function": "minecraft:set_components",
                        "components": {
                          "minecraft:potion_contents": {
                            "potion": "minecraft:healing"
                          }
                        }
                        },
                        {
                            "function": "minecraft:set_count",
                            "count": {
                                "type": "minecraft:score",
                                "target": {
                                    "type": "minecraft:fixed",
                                    "name": "RandomItemGiver"
                                },
                                "score": "rig_RandomAmountSameItemsNumber"
                            }
                        }
                    ]
                },
                {
                    "type": "item",
                    "name": "minecraft:tipped_arrow",
                    "functions": [
                        {
                        "function": "minecraft:set_components",
                        "components": {
                          "minecraft:potion_contents": {
                            "potion": "minecraft:slow_falling"
                          }
                        }
                        },
                        {
                            "function": "minecraft:set_count",
                            "count": {
                                "type": "minecraft:score",
                                "target": {
                                    "type": "minecraft:fixed",
                                    "name": "RandomItemGiver"
                                },
                                "score": "rig_RandomAmountSameItemsNumber"
                            }
                        }
                    ]
                },
                {
                    "type": "item",
                    "name": "minecraft:tipped_arrow",
                    "functions": [
                        {
                        "function": "minecraft:set_components",
                        "components": {
                          "minecraft:potion_contents": {
                            "potion": "minecraft:invisibility"
                          }
                        }
                        },
                        {
                            "function": "minecraft:set_count",
                            "count": {
                                "type": "minecraft:score",
                                "target": {
                                    "type": "minecraft:fixed",
                                    "name": "RandomItemGiver"
                                },
                                "score": "rig_RandomAmountSameItemsNumber"
                            }
                        }
                    ]
                },
                {
                    "type": "item",
                    "name": "minecraft:tipped_arrow",
                    "functions": [
                        {
                        "function": "minecraft:set_components",
                        "components": {
                          "minecraft:potion_contents": {
                            "potion": "minecraft:water_breathing"
                          }
                        }
                        },
                        {
                            "function": "minecraft:set_count",
                            "count": {
                                "type": "minecraft:score",
                                "target": {
                                    "type": "minecraft:fixed",
                                    "name": "RandomItemGiver"
                                },
                                "score": "rig_RandomAmountSameItemsNumber"
                            }
                        }
                    ]
                },
                {
                    "type": "item",
                    "name": "minecraft:tipped_arrow",
                    "functions": [
                        {
                        "function": "minecraft:set_components",
                        "components": {
                          "minecraft:potion_contents": {
                            "potion": "minecraft:poison"
                          }
                        }
                        },
                        {
                            "function": "minecraft:set_count",
                            "count": {
                                "type": "minecraft:score",
                                "target": {
                                    "type": "minecraft:fixed",
                                    "name": "RandomItemGiver"
                                },
                                "score": "rig_RandomAmountSameItemsNumber"
                            }
                        }
                    ]
                },
                {
                    "type": "item",
                    "name": "minecraft:tipped_arrow",
                    "functions": [
                        {
                        "function": "minecraft:set_components",
                        "components": {
                          "minecraft:potion_contents": {
                            "potion": "minecraft:slowness"
                          }
                        }
                        },
                        {
                            "function": "minecraft:set_count",
                            "count": {
                                "type": "minecraft:score",
                                "target": {
                                    "type": "minecraft:fixed",
                                    "name": "RandomItemGiver"
                                },
                                "score": "rig_RandomAmountSameItemsNumber"
                            }
                        }
                    ]
                },
                {
                    "type": "item",
                    "name": "minecraft:tipped_arrow",
                    "functions": [
                        {
                        "function": "minecraft:set_components",
                        "components": {
                          "minecraft:potion_contents": {
                            "potion": "minecraft:harming"
                          }
                        }
                        },
                        {
                            "function": "minecraft:set_count",
                            "count": {
                                "type": "minecraft:score",
                                "target": {
                                    "type": "minecraft:fixed",
                                    "name": "RandomItemGiver"
                                },
                                "score": "rig_RandomAmountSameItemsNumber"
                            }
                        }
                    ]
                },
                {
                    "type": "item",
                    "name": "minecraft:tipped_arrow",
                    "functions": [
                        {
                        "function": "minecraft:set_components",
                        "components": {
                          "minecraft:potion_contents": {
                            "potion": "minecraft:weakness"
                          }
                        }
                        },
                        {
                            "function": "minecraft:set_count",
                            "count": {
                                "type": "minecraft:score",
                                "target": {
                                    "type": "minecraft:fixed",
                                    "name": "RandomItemGiver"
                                },
                                "score": "rig_RandomAmountSameItemsNumber"
                            }
                        }
                    ]
                },
                {
                    "type": "item",
                    "name": "minecraft:tipped_arrow",
                    "functions": [
                        {
                        "function": "minecraft:set_components",
                        "components": {
                          "minecraft:potion_contents": {
                            "potion": "minecraft:night_vision"
                          }
                        }
                        },
                        {
                            "function": "minecraft:set_count",
                            "count": {
                                "type": "minecraft:score",
                                "target": {
                                    "type": "minecraft:fixed",
                                    "name": "RandomItemGiver"
                                },
                                "score": "rig_RandomAmountSameItemsNumber"
                            }
                        }
                    ]
                },
                {
                    "type": "item",
                    "name": "minecraft:tipped_arrow",
                    "functions": [
                        {
                        "function": "minecraft:set_components",
                        "components": {
                          "minecraft:potion_contents": {
                            "potion": "minecraft:turtle_master"
                          }
                        }
                        },
                        {
                            "function": "minecraft:set_count",
                            "count": {
                                "type": "minecraft:score",
                                "target": {
                                    "type": "minecraft:fixed",
                                    "name": "RandomItemGiver"
                                },
                                "score": "rig_RandomAmountSameItemsNumber"
                            }
                        }
                    ]
                },
                {
                    "type": "item",
                    "name": "minecraft:tipped_arrow",
                    "functions": [
                        {
                        "function": "minecraft:set_components",
                        "components": {
                          "minecraft:potion_contents": {
                            "potion": "minecraft:leaping"
                          }
                        }
                        },
                        {
                            "function": "minecraft:set_count",
                            "count": {
                                "type": "minecraft:score",
                                "target": {
                                    "type": "minecraft:fixed",
                                    "name": "RandomItemGiver"
                                },
                                "score": "rig_RandomAmountSameItemsNumber"
                            }
                        }
                    ]
                },
                {
                    "type": "item",
                    "name": "minecraft:tipped_arrow",
                    "functions": [
                        {
                        "function": "minecraft:set_components",
                        "components": {
                          "minecraft:potion_contents": {
                            "potion": "minecraft:luck"
                          }
                        }
                        },
                        {
                            "function": "minecraft:set_count",
                            "count": {
                                "type": "minecraft:score",
                                "target": {
                                    "type": "minecraft:fixed",
                                    "name": "RandomItemGiver"
                                },
                                "score": "rig_RandomAmountSameItemsNumber"
                            }
                        }
                    ]
                },
                {
                    "type": "item",
                    "name": "minecraft:tipped_arrow",
                    "functions": [
                        {
                        "function": "minecraft:set_components",
                        "components": {
                          "minecraft:potion_contents": {
                            "potion": "minecraft:strong_leaping"
                          }
                        }
                        },
                        {
                            "function": "minecraft:set_count",
                            "count": {
                                "type": "minecraft:score",
                                "target": {
                                    "type": "minecraft:fixed",
                                    "name": "RandomItemGiver"
                                },
                                "score": "rig_RandomAmountSameItemsNumber"
                            }
                        }
                    ]
                },
                {
                    "type": "item",
                    "name": "minecraft:tipped_arrow",
                    "functions": [
                        {
                        "function": "minecraft:set_components",
                        "components": {
                          "minecraft:potion_contents": {
                            "potion": "minecraft:strong_swiftness"
                          }
                        }
                        },
                        {
                            "function": "minecraft:set_count",
                            "count": {
                                "type": "minecraft:score",
                                "target": {
                                    "type": "minecraft:fixed",
                                    "name": "RandomItemGiver"
                                },
                                "score": "rig_RandomAmountSameItemsNumber"
                            }
                        }
                    ]
                },
                {
                    "type": "item",
                    "name": "minecraft:tipped_arrow",
                    "functions": [
                        {
                        "function": "minecraft:set_components",
                        "components": {
                          "minecraft:potion_contents": {
                            "potion": "minecraft:strong_slowness"
                          }
                        }
                        },
                        {
                            "function": "minecraft:set_count",
                            "count": {
                                "type": "minecraft:score",
                                "target": {
                                    "type": "minecraft:fixed",
                                    "name": "RandomItemGiver"
                                },
                                "score": "rig_RandomAmountSameItemsNumber"
                            }
                        }
                    ]
                },
                {
                    "type": "item",
                    "name": "minecraft:tipped_arrow",
                    "functions": [
                        {
                        "function": "minecraft:set_components",
                        "components": {
                          "minecraft:potion_contents": {
                            "potion": "minecraft:strong_healing"
                          }
                        }
                        },
                        {
                            "function": "minecraft:set_count",
                            "count": {
                                "type": "minecraft:score",
                                "target": {
                                    "type": "minecraft:fixed",
                                    "name": "RandomItemGiver"
                                },
                                "score": "rig_RandomAmountSameItemsNumber"
                            }
                        }
                    ]
                },
                {
                    "type": "item",
                    "name": "minecraft:tipped_arrow",
                    "functions": [
                        {
                        "function": "minecraft:set_components",
                        "components": {
                          "minecraft:potion_contents": {
                            "potion": "minecraft:strong_harming"
                          }
                        }
                        },
                        {
                            "function": "minecraft:set_count",
                            "count": {
                                "type": "minecraft:score",
                                "target": {
                                    "type": "minecraft:fixed",
                                    "name": "RandomItemGiver"
                                },
                                "score": "rig_RandomAmountSameItemsNumber"
                            }
                        }
                    ]
                },
                {
                    "type": "item",
                    "name": "minecraft:tipped_arrow",
                    "functions": [
                        {
                        "function": "minecraft:set_components",
                        "components": {
                          "minecraft:potion_contents": {
                            "potion": "minecraft:strong_poison"
                          }
                        }
                        },
                        {
                            "function": "minecraft:set_count",
                            "count": {
                                "type": "minecraft:score",
                                "target": {
                                    "type": "minecraft:fixed",
                                    "name": "RandomItemGiver"
                                },
                                "score": "rig_RandomAmountSameItemsNumber"
                            }
                        }
                    ]
                },
                {
                    "type": "item",
                    "name": "minecraft:tipped_arrow",
                    "functions": [
                        {
                        "function": "minecraft:set_components",
                        "components": {
                          "minecraft:potion_contents": {
                            "potion": "minecraft:strong_regeneration"
                          }
                        }
                        },
                        {
                            "function": "minecraft:set_count",
                            "count": {
                                "type": "minecraft:score",
                                "target": {
                                    "type": "minecraft:fixed",
                                    "name": "RandomItemGiver"
                                },
                                "score": "rig_RandomAmountSameItemsNumber"
                            }
                        }
                    ]
                },
                {
                    "type": "item",
                    "name": "minecraft:tipped_arrow",
                    "functions": [
                        {
                        "function": "minecraft:set_components",
                        "components": {
                          "minecraft:potion_contents": {
                            "potion": "minecraft:strong_strength"
                          }
                        }
                        },
                        {
                            "function": "minecraft:set_count",
                            "count": {
                                "type": "minecraft:score",
                                "target": {
                                    "type": "minecraft:fixed",
                                    "name": "RandomItemGiver"
                                },
                                "score": "rig_RandomAmountSameItemsNumber"
                            }
                        }
                    ]
                },
                {
                    "type": "item",
                    "name": "minecraft:tipped_arrow",
                    "functions": [
                        {
                        "function": "minecraft:set_components",
                        "components": {
                          "minecraft:potion_contents": {
                            "potion": "minecraft:strong_turtle_master"
                          }
                        }
                        },
                        {
                            "function": "minecraft:set_count",
                            "count": {
                                "type": "minecraft:score",
                                "target": {
                                    "type": "minecraft:fixed",
                                    "name": "RandomItemGiver"
                                },
                                "score": "rig_RandomAmountSameItemsNumber"
                            }
                        }
                    ]
                },
                {
                    "type": "item",
                    "name": "minecraft:tipped_arrow",
                    "functions": [
                        {
                        "function": "minecraft:set_components",
                        "components": {
                          "minecraft:potion_contents": {
                            "potion": "minecraft:long_night_vision"
                          }
                        }
                        },
                        {
                            "function": "minecraft:set_count",
                            "count": {
                                "type": "minecraft:score",
                                "target": {
                                    "type": "minecraft:fixed",
                                    "name": "RandomItemGiver"
                                },
                                "score": "rig_RandomAmountSameItemsNumber"
                            }
                        }
                    ]
                },
                {
                    "type": "item",
                    "name": "minecraft:tipped_arrow",
                    "functions": [
                        {
                        "function": "minecraft:set_components",
                        "components": {
                          "minecraft:potion_contents": {
                            "potion": "minecraft:long_invisibility"
                          }
                        }
                        },
                        {
                            "function": "minecraft:set_count",
                            "count": {
                                "type": "minecraft:score",
                                "target": {
                                    "type": "minecraft:fixed",
                                    "name": "RandomItemGiver"
                                },
                                "score": "rig_RandomAmountSameItemsNumber"
                            }
                        }
                    ]
                },
                {
                    "type": "item",
                    "name": "minecraft:tipped_arrow",
                    "functions": [
                        {
                        "function": "minecraft:set_components",
                        "components": {
                          "minecraft:potion_contents": {
                            "potion": "minecraft:long_leaping"
                          }
                        }
                        },
                        {
                            "function": "minecraft:set_count",
                            "count": {
                                "type": "minecraft:score",
                                "target": {
                                    "type": "minecraft:fixed",
                                    "name": "RandomItemGiver"
                                },
                                "score": "rig_RandomAmountSameItemsNumber"
                            }
                        }
                    ]
                },
                {
                    "type": "item",
                    "name": "minecraft:tipped_arrow",
                    "functions": [
                        {
                        "function": "minecraft:set_components",
                        "components": {
                          "minecraft:potion_contents": {
                            "potion": "minecraft:long_fire_resistance"
                          }
                        }
                        },
                        {
                            "function": "minecraft:set_count",
                            "count": {
                                "type": "minecraft:score",
                                "target": {
                                    "type": "minecraft:fixed",
                                    "name": "RandomItemGiver"
                                },
                                "score": "rig_RandomAmountSameItemsNumber"
                            }
                        }
                    ]
                },
                {
                    "type": "item",
                    "name": "minecraft:tipped_arrow",
                    "functions": [
                        {
                        "function": "minecraft:set_components",
                        "components": {
                          "minecraft:potion_contents": {
                            "potion": "minecraft:long_swiftness"
                          }
                        }
                        },
                        {
                            "function": "minecraft:set_count",
                            "count": {
                                "type": "minecraft:score",
                                "target": {
                                    "type": "minecraft:fixed",
                                    "name": "RandomItemGiver"
                                },
                                "score": "rig_RandomAmountSameItemsNumber"
                            }
                        }
                    ]
                },
                {
                    "type": "item",
                    "name": "minecraft:tipped_arrow",
                    "functions": [
                        {
                        "function": "minecraft:set_components",
                        "components": {
                          "minecraft:potion_contents": {
                            "potion": "minecraft:long_slowness"
                          }
                        }
                        },
                        {
                            "function": "minecraft:set_count",
                            "count": {
                                "type": "minecraft:score",
                                "target": {
                                    "type": "minecraft:fixed",
                                    "name": "RandomItemGiver"
                                },
                                "score": "rig_RandomAmountSameItemsNumber"
                            }
                        }
                    ]
                },
                {
                    "type": "item",
                    "name": "minecraft:tipped_arrow",
                    "functions": [
                        {
                        "function": "minecraft:set_components",
                        "components": {
                          "minecraft:potion_contents": {
                            "potion": "minecraft:long_water_breathing"
                          }
                        }
                        },
                        {
                            "function": "minecraft:set_count",
                            "count": {
                                "type": "minecraft:score",
                                "target": {
                                    "type": "minecraft:fixed",
                                    "name": "RandomItemGiver"
                                },
                                "score": "rig_RandomAmountSameItemsNumber"
                            }
                        }
                    ]
                },
                {
                    "type": "item",
                    "name": "minecraft:tipped_arrow",
                    "functions": [
                        {
                        "function": "minecraft:set_components",
                        "components": {
                          "minecraft:potion_contents": {
                            "potion": "minecraft:long_poison"
                          }
                        }
                        },
                        {
                            "function": "minecraft:set_count",
                            "count": {
                                "type": "minecraft:score",
                                "target": {
                                    "type": "minecraft:fixed",
                                    "name": "RandomItemGiver"
                                },
                                "score": "rig_RandomAmountSameItemsNumber"
                            }
                        }
                    ]
                },
                {
                    "type": "item",
                    "name": "minecraft:tipped_arrow",
                    "functions": [
                        {
                        "function": "minecraft:set_components",
                        "components": {
                          "minecraft:potion_contents": {
                            "potion": "minecraft:long_regeneration"
                          }
                        }
                        },
                        {
                            "function": "minecraft:set_count",
                            "count": {
                                "type": "minecraft:score",
                                "target": {
                                    "type": "minecraft:fixed",
                                    "name": "RandomItemGiver"
                                },
                                "score": "rig_RandomAmountSameItemsNumber"
                            }
                        }
                    ]
                },
                {
                    "type": "item",
                    "name": "minecraft:tipped_arrow",
                    "functions": [
                        {
                        "function": "minecraft:set_components",
                        "components": {
                          "minecraft:potion_contents": {
                            "potion": "minecraft:long_strength"
                          }
                        }
                        },
                        {
                            "function": "minecraft:set_count",
                            "count": {
                                "type": "minecraft:score",
                                "target": {
                                    "type": "minecraft:fixed",
                                    "name": "RandomItemGiver"
                                },
                                "score": "rig_RandomAmountSameItemsNumber"
                            }
                        }
                    ]
                },
                {
                    "type": "item",
                    "name": "minecraft:tipped_arrow",
                    "functions": [
                        {
                        "function": "minecraft:set_components",
                        "components": {
                          "minecraft:potion_contents": {
                            "potion": "minecraft:long_weakness"
                          }
                        }
                        },
                        {
                            "function": "minecraft:set_count",
                            "count": {
                                "type": "minecraft:score",
                                "target": {
                                    "type": "minecraft:fixed",
                                    "name": "RandomItemGiver"
                                },
                                "score": "rig_RandomAmountSameItemsNumber"
                            }
                        }
                    ]
                },
                {
                    "type": "item",
                    "name": "minecraft:tipped_arrow",
                    "functions": [
                        {
                        "function": "minecraft:set_components",
                        "components": {
                          "minecraft:potion_contents": {
                            "potion": "minecraft:long_turtle_master"
                          }
                        }
                        },
                        {
                            "function": "minecraft:set_count",
                            "count": {
                                "type": "minecraft:score",
                                "target": {
                                    "type": "minecraft:fixed",
                                    "name": "RandomItemGiver"
                                },
                                "score": "rig_RandomAmountSameItemsNumber"
                            }
                        }
                    ]
                },
                {
                    "type": "item",
                    "name": "minecraft:tipped_arrow",
                    "functions": [
                        {
                        "function": "minecraft:set_components",
                        "components": {
                          "minecraft:potion_contents": {
                            "potion": "minecraft:long_slow_falling"
                          }
                        }
                        },
                        {
                            "function": "minecraft:set_count",
                            "count": {
                                "type": "minecraft:score",
                                "target": {
                                    "type": "minecraft:fixed",
                                    "name": "RandomItemGiver"
                                },
                                "score": "rig_RandomAmountSameItemsNumber"
                            }
                        }
                    ]
        },
        {
          "type": "minecraft:item",
          "name": "minecraft:tipped_arrow",
          "functions": [
            {
              "function": "minecraft:set_count",
                "count": {
                  "type": "minecraft:score",
                  "target": {
                    "type": "minecraft:fixed",
                    "name": "RandomItemGiver"
                },
                "score": "RandomAmountSameItemsNumber"
              }
            },
                        {
                            "function": "set_components",
                            "components": {
                          "minecraft:potion_contents": {
                            "potion": "minecraft:weaving"
                          }
                           }
                        }
                    ]
        },
        {
          "type": "minecraft:item",
          "name": "minecraft:tipped_arrow",
          "functions": [
            {
              "function": "minecraft:set_count",
                "count": {
                  "type": "minecraft:score",
                  "target": {
                    "type": "minecraft:fixed",
                    "name": "RandomItemGiver"
                },
                "score": "RandomAmountSameItemsNumber"
              }
            },
                        {
                            "function": "set_components",
                            "components": {
                          "minecraft:potion_contents": {
                            "potion": "minecraft:oozing"
                          }
                           }
                        }
                    ]
        },
        {
          "type": "minecraft:item",
          "name": "minecraft:tipped_arrow",
          "functions": [
            {
              "function": "minecraft:set_count",
                "count": {
                  "type": "minecraft:score",
                  "target": {
                    "type": "minecraft:fixed",
                    "name": "RandomItemGiver"
                },
                "score": "RandomAmountSameItemsNumber"
              }
            },
                        {
                            "function": "set_components",
                            "components": {
                          "minecraft:potion_contents": {
                            "potion": "minecraft:wind_charged"
                          }
                           }
                        }
                    ]
        },
        {
          "type": "minecraft:item",
          "name": "minecraft:tipped_arrow",
          "functions": [
            {
              "function": "minecraft:set_count",
                "count": {
                  "type": "minecraft:score",
                  "target": {
                    "type": "minecraft:fixed",
                    "name": "RandomItemGiver"
                },
                "score": "RandomAmountSameItemsNumber"
              }
            },
                        {
                            "function": "set_components",
                            "components": {
                          "minecraft:potion_contents": {
                            "potion": "minecraft:infested"
                          }
                           }
                        }
                    ]
        }
      ]
    }
  ]
}
