{
    "pools": [
        {
            "rolls": 1,
            "entries": [
                {
                    "type": "item",
                    "name": "minecraft:command_block",
                    "functions": [

                        {
                            "function": "minecraft:set_count",
                            "count": 64
                        }
                    ]
                },
                {
                    "type": "item",
                    "name": "minecraft:chain_command_block",
                    "functions": [

                        {
                            "function": "minecraft:set_count",
                            "count": 64
                        }
                    ]
                },
                {
                    "type": "item",
                    "name": "minecraft:repeating_command_block",
                    "functions": [

                        {
                            "function": "minecraft:set_count",
                            "count": 64
                        }
                    ]
                },
                {
                    "type": "item",
                    "name": "minecraft:command_block_minecart",
                    "functions": [

                        {
                            "function": "minecraft:set_count",
                            "count": 64
                        }
                    ]
                }
            ]
        }
    ]
}