{
    "pools": [
        {
            "rolls": 1,
            "entries": [
                {
                    "type": "minecraft:item",
                    "name": "minecraft:painting",
                    "functions": [
                        {
                            "function": "minecraft:set_count",
                            "count": {
                                "type": "minecraft:score",
                                "target": {
                                    "type": "minecraft:fixed",
                                    "name": "RandomItemGiver"
                                },
                                "score": "rig_RandomAmountSameItemsNumber"
                            }
                        },
                        {
                            "function": "set_nbt",
                            "tag": "{EntityTag:{variant:\"minecraft:kebab\"}}"
                        }
                    ]
                },
                {
                    "type": "minecraft:item",
                    "name": "minecraft:painting",
                    "functions": [
                        {
                            "function": "minecraft:set_count",
                            "count": {
                                "type": "minecraft:score",
                                "target": {
                                    "type": "minecraft:fixed",
                                    "name": "RandomItemGiver"
                                },
                                "score": "rig_RandomAmountSameItemsNumber"
                            }
                        },
                        {
                            "function": "set_nbt",
                            "tag": "{EntityTag:{variant:\"minecraft:aztec\"}}"
                        }
                    ]
                },
                {
                    "type": "minecraft:item",
                    "name": "minecraft:painting",
                    "functions": [
                        {
                            "function": "minecraft:set_count",
                            "count": {
                                "type": "minecraft:score",
                                "target": {
                                    "type": "minecraft:fixed",
                                    "name": "RandomItemGiver"
                                },
                                "score": "rig_RandomAmountSameItemsNumber"
                            }
                        },
                        {
                            "function": "set_nbt",
                            "tag": "{EntityTag:{variant:\"minecraft:alban\"}}"
                        }
                    ]
                },
                {
                    "type": "minecraft:item",
                    "name": "minecraft:painting",
                    "functions": [
                        {
                            "function": "minecraft:set_count",
                            "count": {
                                "type": "minecraft:score",
                                "target": {
                                    "type": "minecraft:fixed",
                                    "name": "RandomItemGiver"
                                },
                                "score": "rig_RandomAmountSameItemsNumber"
                            }
                        },
                        {
                            "function": "set_nbt",
                            "tag": "{EntityTag:{variant:\"minecraft:aztec2\"}}"
                        }
                    ]
                },
                {
                    "type": "minecraft:item",
                    "name": "minecraft:painting",
                    "functions": [
                        {
                            "function": "minecraft:set_count",
                            "count": {
                                "type": "minecraft:score",
                                "target": {
                                    "type": "minecraft:fixed",
                                    "name": "RandomItemGiver"
                                },
                                "score": "rig_RandomAmountSameItemsNumber"
                            }
                        },
                        {
                            "function": "set_nbt",
                            "tag": "{EntityTag:{variant:\"minecraft:bomb\"}}"
                        }
                    ]
                },
                {
                    "type": "minecraft:item",
                    "name": "minecraft:painting",
                    "functions": [
                        {
                            "function": "minecraft:set_count",
                            "count": {
                                "type": "minecraft:score",
                                "target": {
                                    "type": "minecraft:fixed",
                                    "name": "RandomItemGiver"
                                },
                                "score": "rig_RandomAmountSameItemsNumber"
                            }
                        },
                        {
                            "function": "set_nbt",
                            "tag": "{EntityTag:{variant:\"minecraft:plant\"}}"
                        }
                    ]
                },
                {
                    "type": "minecraft:item",
                    "name": "minecraft:painting",
                    "functions": [
                        {
                            "function": "minecraft:set_count",
                            "count": {
                                "type": "minecraft:score",
                                "target": {
                                    "type": "minecraft:fixed",
                                    "name": "RandomItemGiver"
                                },
                                "score": "rig_RandomAmountSameItemsNumber"
                            }
                        },
                        {
                            "function": "set_nbt",
                            "tag": "{EntityTag:{variant:\"minecraft:wasteland\"}}"
                        }
                    ]
                },
                {
                    "type": "minecraft:item",
                    "name": "minecraft:painting",
                    "functions": [
                        {
                            "function": "minecraft:set_count",
                            "count": {
                                "type": "minecraft:score",
                                "target": {
                                    "type": "minecraft:fixed",
                                    "name": "RandomItemGiver"
                                },
                                "score": "rig_RandomAmountSameItemsNumber"
                            }
                        },
                        {
                            "function": "set_nbt",
                            "tag": "{EntityTag:{variant:\"minecraft:wanderer\"}}"
                        }
                    ]
                },
                {
                    "type": "minecraft:item",
                    "name": "minecraft:painting",
                    "functions": [
                        {
                            "function": "minecraft:set_count",
                            "count": {
                                "type": "minecraft:score",
                                "target": {
                                    "type": "minecraft:fixed",
                                    "name": "RandomItemGiver"
                                },
                                "score": "rig_RandomAmountSameItemsNumber"
                            }
                        },
                        {
                            "function": "set_nbt",
                            "tag": "{EntityTag:{variant:\"minecraft:graham\"}}"
                        }
                    ]
                },
                {
                    "type": "minecraft:item",
                    "name": "minecraft:painting",
                    "functions": [
                        {
                            "function": "minecraft:set_count",
                            "count": {
                                "type": "minecraft:score",
                                "target": {
                                    "type": "minecraft:fixed",
                                    "name": "RandomItemGiver"
                                },
                                "score": "rig_RandomAmountSameItemsNumber"
                            }
                        },
                        {
                            "function": "set_nbt",
                            "tag": "{EntityTag:{variant:\"minecraft:pool\"}}"
                        }
                    ]
                },
                {
                    "type": "minecraft:item",
                    "name": "minecraft:painting",
                    "functions": [
                        {
                            "function": "minecraft:set_count",
                            "count": {
                                "type": "minecraft:score",
                                "target": {
                                    "type": "minecraft:fixed",
                                    "name": "RandomItemGiver"
                                },
                                "score": "rig_RandomAmountSameItemsNumber"
                            }
                        },
                        {
                            "function": "set_nbt",
                            "tag": "{EntityTag:{variant:\"minecraft:courbet\"}}"
                        }
                    ]
                },
                {
                    "type": "minecraft:item",
                    "name": "minecraft:painting",
                    "functions": [
                        {
                            "function": "minecraft:set_count",
                            "count": {
                                "type": "minecraft:score",
                                "target": {
                                    "type": "minecraft:fixed",
                                    "name": "RandomItemGiver"
                                },
                                "score": "rig_RandomAmountSameItemsNumber"
                            }
                        },
                        {
                            "function": "set_nbt",
                            "tag": "{EntityTag:{variant:\"minecraft:sea\"}}"
                        }
                    ]
                },
                {
                    "type": "minecraft:item",
                    "name": "minecraft:painting",
                    "functions": [
                        {
                            "function": "minecraft:set_count",
                            "count": {
                                "type": "minecraft:score",
                                "target": {
                                    "type": "minecraft:fixed",
                                    "name": "RandomItemGiver"
                                },
                                "score": "rig_RandomAmountSameItemsNumber"
                            }
                        },
                        {
                            "function": "set_nbt",
                            "tag": "{EntityTag:{variant:\"minecraft:sunset\"}}"
                        }
                    ]
                },
                {
                    "type": "minecraft:item",
                    "name": "minecraft:painting",
                    "functions": [
                        {
                            "function": "minecraft:set_count",
                            "count": {
                                "type": "minecraft:score",
                                "target": {
                                    "type": "minecraft:fixed",
                                    "name": "RandomItemGiver"
                                },
                                "score": "rig_RandomAmountSameItemsNumber"
                            }
                        },
                        {
                            "function": "set_nbt",
                            "tag": "{EntityTag:{variant:\"minecraft:creebet\"}}"
                        }
                    ]
                },
                {
                    "type": "minecraft:item",
                    "name": "minecraft:painting",
                    "functions": [
                        {
                            "function": "minecraft:set_count",
                            "count": {
                                "type": "minecraft:score",
                                "target": {
                                    "type": "minecraft:fixed",
                                    "name": "RandomItemGiver"
                                },
                                "score": "rig_RandomAmountSameItemsNumber"
                            }
                        },
                        {
                            "function": "set_nbt",
                            "tag": "{EntityTag:{variant:\"minecraft:match\"}}"
                        }
                    ]
                },
                {
                    "type": "minecraft:item",
                    "name": "minecraft:painting",
                    "functions": [
                        {
                            "function": "minecraft:set_count",
                            "count": {
                                "type": "minecraft:score",
                                "target": {
                                    "type": "minecraft:fixed",
                                    "name": "RandomItemGiver"
                                },
                                "score": "rig_RandomAmountSameItemsNumber"
                            }
                        },
                        {
                            "function": "set_nbt",
                            "tag": "{EntityTag:{variant:\"minecraft:bust\"}}"
                        }
                    ]
                },
                {
                    "type": "minecraft:item",
                    "name": "minecraft:painting",
                    "functions": [
                        {
                            "function": "minecraft:set_count",
                            "count": {
                                "type": "minecraft:score",
                                "target": {
                                    "type": "minecraft:fixed",
                                    "name": "RandomItemGiver"
                                },
                                "score": "rig_RandomAmountSameItemsNumber"
                            }
                        },
                        {
                            "function": "set_nbt",
                            "tag": "{EntityTag:{variant:\"minecraft:stage\"}}"
                        }
                    ]
                },
                {
                    "type": "minecraft:item",
                    "name": "minecraft:painting",
                    "functions": [
                        {
                            "function": "minecraft:set_count",
                            "count": {
                                "type": "minecraft:score",
                                "target": {
                                    "type": "minecraft:fixed",
                                    "name": "RandomItemGiver"
                                },
                                "score": "rig_RandomAmountSameItemsNumber"
                            }
                        },
                        {
                            "function": "set_nbt",
                            "tag": "{EntityTag:{variant:\"minecraft:void\"}}"
                        }
                    ]
                },
                {
                    "type": "minecraft:item",
                    "name": "minecraft:painting",
                    "functions": [
                        {
                            "function": "minecraft:set_count",
                            "count": {
                                "type": "minecraft:score",
                                "target": {
                                    "type": "minecraft:fixed",
                                    "name": "RandomItemGiver"
                                },
                                "score": "rig_RandomAmountSameItemsNumber"
                            }
                        },
                        {
                            "function": "set_nbt",
                            "tag": "{EntityTag:{variant:\"minecraft:skull_and_roses\"}}"
                        }
                    ]
                },
                {
                    "type": "minecraft:item",
                    "name": "minecraft:painting",
                    "functions": [
                        {
                            "function": "minecraft:set_count",
                            "count": {
                                "type": "minecraft:score",
                                "target": {
                                    "type": "minecraft:fixed",
                                    "name": "RandomItemGiver"
                                },
                                "score": "rig_RandomAmountSameItemsNumber"
                            }
                        },
                        {
                            "function": "set_nbt",
                            "tag": "{EntityTag:{variant:\"minecraft:wither\"}}"
                        }
                    ]
                },
                {
                    "type": "minecraft:item",
                    "name": "minecraft:painting",
                    "functions": [
                        {
                            "function": "minecraft:set_count",
                            "count": {
                                "type": "minecraft:score",
                                "target": {
                                    "type": "minecraft:fixed",
                                    "name": "RandomItemGiver"
                                },
                                "score": "rig_RandomAmountSameItemsNumber"
                            }
                        },
                        {
                            "function": "set_nbt",
                            "tag": "{EntityTag:{variant:\"minecraft:fighters\"}}"
                        }
                    ]
                },
                {
                    "type": "minecraft:item",
                    "name": "minecraft:painting",
                    "functions": [
                        {
                            "function": "minecraft:set_count",
                            "count": {
                                "type": "minecraft:score",
                                "target": {
                                    "type": "minecraft:fixed",
                                    "name": "RandomItemGiver"
                                },
                                "score": "rig_RandomAmountSameItemsNumber"
                            }
                        },
                        {
                            "function": "set_nbt",
                            "tag": "{EntityTag:{variant:\"minecraft:skeleton\"}}"
                        }
                    ]
                },
                {
                    "type": "minecraft:item",
                    "name": "minecraft:painting",
                    "functions": [
                        {
                            "function": "minecraft:set_count",
                            "count": {
                                "type": "minecraft:score",
                                "target": {
                                    "type": "minecraft:fixed",
                                    "name": "RandomItemGiver"
                                },
                                "score": "rig_RandomAmountSameItemsNumber"
                            }
                        },
                        {
                            "function": "set_nbt",
                            "tag": "{EntityTag:{variant:\"minecraft:donkey_kong\"}}"
                        }
                    ]
                },
                {
                    "type": "minecraft:item",
                    "name": "minecraft:painting",
                    "functions": [
                        {
                            "function": "minecraft:set_count",
                            "count": {
                                "type": "minecraft:score",
                                "target": {
                                    "type": "minecraft:fixed",
                                    "name": "RandomItemGiver"
                                },
                                "score": "rig_RandomAmountSameItemsNumber"
                            }
                        },
                        {
                            "function": "set_nbt",
                            "tag": "{EntityTag:{variant:\"minecraft:pointer\"}}"
                        }
                    ]
                },
                {
                    "type": "minecraft:item",
                    "name": "minecraft:painting",
                    "functions": [
                        {
                            "function": "minecraft:set_count",
                            "count": {
                                "type": "minecraft:score",
                                "target": {
                                    "type": "minecraft:fixed",
                                    "name": "RandomItemGiver"
                                },
                                "score": "rig_RandomAmountSameItemsNumber"
                            }
                        },
                        {
                            "function": "set_nbt",
                            "tag": "{EntityTag:{variant:\"minecraft:burning_skull\"}}"
                        }
                    ]
                }
            ]
        }
    ]
}