{
    "pools": [
        {
            "rolls": 1,
            "entries": [
                {
                    "type": "item",
                    "name": "minecraft:potion",
                    "functions": [
                        {
                            "function": "set_nbt",
                            "tag": "{Potion:\"minecraft:fire_resistance\"}"
                        },
                        {
                            "function": "minecraft:set_count",
                            "count": {
                                "type": "minecraft:score",
                                "target": {
                                    "type": "minecraft:fixed",
                                    "name": "RandomItemGiver"
                                },
                                "score": "rig_RandomAmountSameItemsNumber"
                            }
                        }
                    ]
                },
                {
                    "type": "item",
                    "name": "minecraft:potion",
                    "functions": [
                        {
                            "function": "set_nbt",
                            "tag": "{Potion:\"minecraft:strength\"}"
                        },
                        {
                            "function": "minecraft:set_count",
                            "count": {
                                "type": "minecraft:score",
                                "target": {
                                    "type": "minecraft:fixed",
                                    "name": "RandomItemGiver"
                                },
                                "score": "rig_RandomAmountSameItemsNumber"
                            }
                        }
                    ]
                },      
                {
                    "type": "item",
                    "name": "minecraft:potion",
                    "functions": [
                        {
                            "function": "set_nbt",
                            "tag": "{Potion:\"minecraft:swiftness\"}"
                        },
                        {
                            "function": "minecraft:set_count",
                            "count": {
                                "type": "minecraft:score",
                                "target": {
                                    "type": "minecraft:fixed",
                                    "name": "RandomItemGiver"
                                },
                                "score": "rig_RandomAmountSameItemsNumber"
                            }
                        }
                    ]
                },
                {
                    "type": "item",
                    "weight": 1,
                    "name": "minecraft:potion",
                    "functions": [
                        {
                            "function": "set_nbt",
                            "tag": "{Potion:\"minecraft:regeneration\"}"
                        },
                        {
                            "function": "minecraft:set_count",
                            "count": {
                                "type": "minecraft:score",
                                "target": {
                                    "type": "minecraft:fixed",
                                    "name": "RandomItemGiver"
                                },
                                "score": "rig_RandomAmountSameItemsNumber"
                            }
                        }
                    ]
                },
                {
                    "type": "item",
                    "name": "minecraft:potion",
                    "functions": [
                        {
                            "function": "set_nbt",
                            "tag": "{Potion:\"minecraft:healing\"}"
                        },
                        {
                            "function": "minecraft:set_count",
                            "count": {
                                "type": "minecraft:score",
                                "target": {
                                    "type": "minecraft:fixed",
                                    "name": "RandomItemGiver"
                                },
                                "score": "rig_RandomAmountSameItemsNumber"
                            }
                        }
                    ]
                },
                {
                    "type": "item",
                    "name": "minecraft:potion",
                    "functions": [
                        {
                            "function": "set_nbt",
                            "tag": "{Potion:\"minecraft:slow_falling\"}"
                        },
                        {
                            "function": "minecraft:set_count",
                            "count": {
                                "type": "minecraft:score",
                                "target": {
                                    "type": "minecraft:fixed",
                                    "name": "RandomItemGiver"
                                },
                                "score": "rig_RandomAmountSameItemsNumber"
                            }
                        }
                    ]
                },
                {
                    "type": "item",
                    "name": "minecraft:potion",
                    "functions": [
                        {
                            "function": "set_nbt",
                            "tag": "{Potion:\"minecraft:invisibility\"}"
                        },
                        {
                            "function": "minecraft:set_count",
                            "count": {
                                "type": "minecraft:score",
                                "target": {
                                    "type": "minecraft:fixed",
                                    "name": "RandomItemGiver"
                                },
                                "score": "rig_RandomAmountSameItemsNumber"
                            }
                        }
                    ]
                },
                {
                    "type": "item",
                    "name": "minecraft:potion",
                    "functions": [
                        {
                            "function": "set_nbt",
                            "tag": "{Potion:\"minecraft:water_breathing\"}"
                        },
                        {
                            "function": "minecraft:set_count",
                            "count": {
                                "type": "minecraft:score",
                                "target": {
                                    "type": "minecraft:fixed",
                                    "name": "RandomItemGiver"
                                },
                                "score": "rig_RandomAmountSameItemsNumber"
                            }
                        }
                    ]
                },
                {
                    "type": "item",
                    "name": "minecraft:potion",
                    "functions": [
                        {
                            "function": "set_nbt",
                            "tag": "{Potion:\"minecraft:poison\"}"
                        },
                        {
                            "function": "minecraft:set_count",
                            "count": {
                                "type": "minecraft:score",
                                "target": {
                                    "type": "minecraft:fixed",
                                    "name": "RandomItemGiver"
                                },
                                "score": "rig_RandomAmountSameItemsNumber"
                            }
                        }
                    ]
                },
                {
                    "type": "item",
                    "name": "minecraft:potion",
                    "functions": [
                        {
                            "function": "set_nbt",
                            "tag": "{Potion:\"minecraft:slowness\"}"
                        },
                        {
                            "function": "minecraft:set_count",
                            "count": {
                                "type": "minecraft:score",
                                "target": {
                                    "type": "minecraft:fixed",
                                    "name": "RandomItemGiver"
                                },
                                "score": "rig_RandomAmountSameItemsNumber"
                            }
                        }
                    ]
                },
                {
                    "type": "item",
                    "name": "minecraft:potion",
                    "functions": [
                        {
                            "function": "set_nbt",
                            "tag": "{Potion:\"minecraft:harming\"}"
                        },
                        {
                            "function": "minecraft:set_count",
                            "count": {
                                "type": "minecraft:score",
                                "target": {
                                    "type": "minecraft:fixed",
                                    "name": "RandomItemGiver"
                                },
                                "score": "rig_RandomAmountSameItemsNumber"
                            }
                        }
                    ]
                },
                {
                    "type": "item",
                    "name": "minecraft:potion",
                    "functions": [
                        {
                            "function": "set_nbt",
                            "tag": "{Potion:\"minecraft:weakness\"}"
                        },
                        {
                            "function": "minecraft:set_count",
                            "count": {
                                "type": "minecraft:score",
                                "target": {
                                    "type": "minecraft:fixed",
                                    "name": "RandomItemGiver"
                                },
                                "score": "rig_RandomAmountSameItemsNumber"
                            }
                        }
                    ]
                },
                {
                    "type": "item",
                    "name": "minecraft:potion",
                    "functions": [
                        {
                            "function": "set_nbt",
                            "tag": "{Potion:\"minecraft:night_vision\"}"
                        },
                        {
                            "function": "minecraft:set_count",
                            "count": {
                                "type": "minecraft:score",
                                "target": {
                                    "type": "minecraft:fixed",
                                    "name": "RandomItemGiver"
                                },
                                "score": "rig_RandomAmountSameItemsNumber"
                            }
                        }
                    ]
                },
                {
                    "type": "item",
                    "name": "minecraft:potion",
                    "functions": [
                        {
                            "function": "set_nbt",
                            "tag": "{Potion:\"minecraft:turtle_master\"}"
                        },
                        {
                            "function": "minecraft:set_count",
                            "count": {
                                "type": "minecraft:score",
                                "target": {
                                    "type": "minecraft:fixed",
                                    "name": "RandomItemGiver"
                                },
                                "score": "rig_RandomAmountSameItemsNumber"
                            }
                        }
                    ]
                },
                {
                    "type": "item",
                    "name": "minecraft:potion",
                    "functions": [
                        {
                            "function": "set_nbt",
                            "tag": "{Potion:\"minecraft:leaping\"}"
                        },
                        {
                            "function": "minecraft:set_count",
                            "count": {
                                "type": "minecraft:score",
                                "target": {
                                    "type": "minecraft:fixed",
                                    "name": "RandomItemGiver"
                                },
                                "score": "rig_RandomAmountSameItemsNumber"
                            }
                        }
                    ]
                },
                {
                    "type": "item",
                    "name": "minecraft:potion",
                    "functions": [
                        {
                            "function": "set_nbt",
                            "tag": "{Potion:\"minecraft:luck\"}"
                        },
                        {
                            "function": "minecraft:set_count",
                            "count": {
                                "type": "minecraft:score",
                                "target": {
                                    "type": "minecraft:fixed",
                                    "name": "RandomItemGiver"
                                },
                                "score": "rig_RandomAmountSameItemsNumber"
                            }
                        }
                    ]
                },
                {
                    "type": "item",
                    "name": "minecraft:potion",
                    "functions": [
                        {
                            "function": "set_nbt",
                            "tag": "{Potion:\"minecraft:strong_leaping\"}"
                        },
                        {
                            "function": "minecraft:set_count",
                            "count": {
                                "type": "minecraft:score",
                                "target": {
                                    "type": "minecraft:fixed",
                                    "name": "RandomItemGiver"
                                },
                                "score": "rig_RandomAmountSameItemsNumber"
                            }
                        }
                    ]
                },
                {
                    "type": "item",
                    "name": "minecraft:potion",
                    "functions": [
                        {
                            "function": "set_nbt",
                            "tag": "{Potion:\"minecraft:strong_swiftness\"}"
                        },
                        {
                            "function": "minecraft:set_count",
                            "count": {
                                "type": "minecraft:score",
                                "target": {
                                    "type": "minecraft:fixed",
                                    "name": "RandomItemGiver"
                                },
                                "score": "rig_RandomAmountSameItemsNumber"
                            }
                        }
                    ]
                },
                {
                    "type": "item",
                    "name": "minecraft:potion",
                    "functions": [
                        {
                            "function": "set_nbt",
                            "tag": "{Potion:\"minecraft:strong_slowness\"}"
                        },
                        {
                            "function": "minecraft:set_count",
                            "count": {
                                "type": "minecraft:score",
                                "target": {
                                    "type": "minecraft:fixed",
                                    "name": "RandomItemGiver"
                                },
                                "score": "rig_RandomAmountSameItemsNumber"
                            }
                        }
                    ]
                },
                {
                    "type": "item",
                    "name": "minecraft:potion",
                    "functions": [
                        {
                            "function": "set_nbt",
                            "tag": "{Potion:\"minecraft:strong_healing\"}"
                        },
                        {
                            "function": "minecraft:set_count",
                            "count": {
                                "type": "minecraft:score",
                                "target": {
                                    "type": "minecraft:fixed",
                                    "name": "RandomItemGiver"
                                },
                                "score": "rig_RandomAmountSameItemsNumber"
                            }
                        }
                    ]
                },
                {
                    "type": "item",
                    "name": "minecraft:potion",
                    "functions": [
                        {
                            "function": "set_nbt",
                            "tag": "{Potion:\"minecraft:strong_harming\"}"
                        },
                        {
                            "function": "minecraft:set_count",
                            "count": {
                                "type": "minecraft:score",
                                "target": {
                                    "type": "minecraft:fixed",
                                    "name": "RandomItemGiver"
                                },
                                "score": "rig_RandomAmountSameItemsNumber"
                            }
                        }
                    ]
                },
                {
                    "type": "item",
                    "name": "minecraft:potion",
                    "functions": [
                        {
                            "function": "set_nbt",
                            "tag": "{Potion:\"minecraft:strong_poison\"}"
                        },
                        {
                            "function": "minecraft:set_count",
                            "count": {
                                "type": "minecraft:score",
                                "target": {
                                    "type": "minecraft:fixed",
                                    "name": "RandomItemGiver"
                                },
                                "score": "rig_RandomAmountSameItemsNumber"
                            }
                        }
                    ]
                },
                {
                    "type": "item",
                    "name": "minecraft:potion",
                    "functions": [
                        {
                            "function": "set_nbt",
                            "tag": "{Potion:\"minecraft:strong_regeneration\"}"
                        },
                        {
                            "function": "minecraft:set_count",
                            "count": {
                                "type": "minecraft:score",
                                "target": {
                                    "type": "minecraft:fixed",
                                    "name": "RandomItemGiver"
                                },
                                "score": "rig_RandomAmountSameItemsNumber"
                            }
                        }
                    ]
                },
                {
                    "type": "item",
                    "name": "minecraft:potion",
                    "functions": [
                        {
                            "function": "set_nbt",
                            "tag": "{Potion:\"minecraft:strong_strength\"}"
                        },
                        {
                            "function": "minecraft:set_count",
                            "count": {
                                "type": "minecraft:score",
                                "target": {
                                    "type": "minecraft:fixed",
                                    "name": "RandomItemGiver"
                                },
                                "score": "rig_RandomAmountSameItemsNumber"
                            }
                        }
                    ]
                },
                {
                    "type": "item",
                    "name": "minecraft:potion",
                    "functions": [
                        {
                            "function": "set_nbt",
                            "tag": "{Potion:\"minecraft:strong_turtle_master\"}"
                        },
                        {
                            "function": "minecraft:set_count",
                            "count": {
                                "type": "minecraft:score",
                                "target": {
                                    "type": "minecraft:fixed",
                                    "name": "RandomItemGiver"
                                },
                                "score": "rig_RandomAmountSameItemsNumber"
                            }
                        }
                    ]
                },
                {
                    "type": "item",
                    "name": "minecraft:potion",
                    "functions": [
                        {
                            "function": "set_nbt",
                            "tag": "{Potion:\"minecraft:long_night_vision\"}"
                        },
                        {
                            "function": "minecraft:set_count",
                            "count": {
                                "type": "minecraft:score",
                                "target": {
                                    "type": "minecraft:fixed",
                                    "name": "RandomItemGiver"
                                },
                                "score": "rig_RandomAmountSameItemsNumber"
                            }
                        }
                    ]
                },
                {
                    "type": "item",
                    "name": "minecraft:potion",
                    "functions": [
                        {
                            "function": "set_nbt",
                            "tag": "{Potion:\"minecraft:long_invisibility\"}"
                        },
                        {
                            "function": "minecraft:set_count",
                            "count": {
                                "type": "minecraft:score",
                                "target": {
                                    "type": "minecraft:fixed",
                                    "name": "RandomItemGiver"
                                },
                                "score": "rig_RandomAmountSameItemsNumber"
                            }
                        }
                    ]
                },
                {
                    "type": "item",
                    "name": "minecraft:potion",
                    "functions": [
                        {
                            "function": "set_nbt",
                            "tag": "{Potion:\"minecraft:long_leaping\"}"
                        },
                        {
                            "function": "minecraft:set_count",
                            "count": {
                                "type": "minecraft:score",
                                "target": {
                                    "type": "minecraft:fixed",
                                    "name": "RandomItemGiver"
                                },
                                "score": "rig_RandomAmountSameItemsNumber"
                            }
                        }
                    ]
                },
                {
                    "type": "item",
                    "name": "minecraft:potion",
                    "functions": [
                        {
                            "function": "set_nbt",
                            "tag": "{Potion:\"minecraft:long_fire_resistance\"}"
                        },
                        {
                            "function": "minecraft:set_count",
                            "count": {
                                "type": "minecraft:score",
                                "target": {
                                    "type": "minecraft:fixed",
                                    "name": "RandomItemGiver"
                                },
                                "score": "rig_RandomAmountSameItemsNumber"
                            }
                        }
                    ]
                },
                {
                    "type": "item",
                    "name": "minecraft:potion",
                    "functions": [
                        {
                            "function": "set_nbt",
                            "tag": "{Potion:\"minecraft:long_swiftness\"}"
                        },
                        {
                            "function": "minecraft:set_count",
                            "count": {
                                "type": "minecraft:score",
                                "target": {
                                    "type": "minecraft:fixed",
                                    "name": "RandomItemGiver"
                                },
                                "score": "rig_RandomAmountSameItemsNumber"
                            }
                        }
                    ]
                },
                {
                    "type": "item",
                    "name": "minecraft:potion",
                    "functions": [
                        {
                            "function": "set_nbt",
                            "tag": "{Potion:\"minecraft:long_slowness\"}"
                        },
                        {
                            "function": "minecraft:set_count",
                            "count": {
                                "type": "minecraft:score",
                                "target": {
                                    "type": "minecraft:fixed",
                                    "name": "RandomItemGiver"
                                },
                                "score": "rig_RandomAmountSameItemsNumber"
                            }
                        }
                    ]
                },
                {
                    "type": "item",
                    "name": "minecraft:potion",
                    "functions": [
                        {
                            "function": "set_nbt",
                            "tag": "{Potion:\"minecraft:long_water_breathing\"}"
                        },
                        {
                            "function": "minecraft:set_count",
                            "count": {
                                "type": "minecraft:score",
                                "target": {
                                    "type": "minecraft:fixed",
                                    "name": "RandomItemGiver"
                                },
                                "score": "rig_RandomAmountSameItemsNumber"
                            }
                        }
                    ]
                },
                {
                    "type": "item",
                    "name": "minecraft:potion",
                    "functions": [
                        {
                            "function": "set_nbt",
                            "tag": "{Potion:\"minecraft:long_poison\"}"
                        },
                        {
                            "function": "minecraft:set_count",
                            "count": {
                                "type": "minecraft:score",
                                "target": {
                                    "type": "minecraft:fixed",
                                    "name": "RandomItemGiver"
                                },
                                "score": "rig_RandomAmountSameItemsNumber"
                            }
                        }
                    ]
                },
                {
                    "type": "item",
                    "name": "minecraft:potion",
                    "functions": [
                        {
                            "function": "set_nbt",
                            "tag": "{Potion:\"minecraft:long_regeneration\"}"
                        },
                        {
                            "function": "minecraft:set_count",
                            "count": {
                                "type": "minecraft:score",
                                "target": {
                                    "type": "minecraft:fixed",
                                    "name": "RandomItemGiver"
                                },
                                "score": "rig_RandomAmountSameItemsNumber"
                            }
                        }
                    ]
                },
                {
                    "type": "item",
                    "name": "minecraft:potion",
                    "functions": [
                        {
                            "function": "set_nbt",
                            "tag": "{Potion:\"minecraft:long_strength\"}"
                        },
                        {
                            "function": "minecraft:set_count",
                            "count": {
                                "type": "minecraft:score",
                                "target": {
                                    "type": "minecraft:fixed",
                                    "name": "RandomItemGiver"
                                },
                                "score": "rig_RandomAmountSameItemsNumber"
                            }
                        }
                    ]
                },
                {
                    "type": "item",
                    "name": "minecraft:potion",
                    "functions": [
                        {
                            "function": "set_nbt",
                            "tag": "{Potion:\"minecraft:long_weakness\"}"
                        },
                        {
                            "function": "minecraft:set_count",
                            "count": {
                                "type": "minecraft:score",
                                "target": {
                                    "type": "minecraft:fixed",
                                    "name": "RandomItemGiver"
                                },
                                "score": "rig_RandomAmountSameItemsNumber"
                            }
                        }
                    ]
                },
                {
                    "type": "item",
                    "name": "minecraft:potion",
                    "functions": [
                        {
                            "function": "set_nbt",
                            "tag": "{Potion:\"minecraft:long_turtle_master\"}"
                        },
                        {
                            "function": "minecraft:set_count",
                            "count": {
                                "type": "minecraft:score",
                                "target": {
                                    "type": "minecraft:fixed",
                                    "name": "RandomItemGiver"
                                },
                                "score": "rig_RandomAmountSameItemsNumber"
                            }
                        }
                    ]
                },
                {
                    "type": "item",
                    "name": "minecraft:potion",
                    "functions": [
                        {
                            "function": "set_nbt",
                            "tag": "{Potion:\"minecraft:long_slow_falling\"}"
                        },
                        {
                            "function": "minecraft:set_count",
                            "count": {
                                "type": "minecraft:score",
                                "target": {
                                    "type": "minecraft:fixed",
                                    "name": "RandomItemGiver"
                                },
                                "score": "rig_RandomAmountSameItemsNumber"
                            }
                        }
                    ]
                }
            ]
        }
    ]
}