{
    "pools": [
      {
        "rolls": 1,
        "entries": [
          {
            "type": "minecraft:item",
            "name": "minecraft:acacia_boat"
          },
          {
            "type": "minecraft:item",
            "name": "minecraft:acacia_button"
          },
          {
            "type": "minecraft:item",
            "name": "minecraft:acacia_door"
          },
          {
            "type": "minecraft:item",
            "name": "minecraft:acacia_fence"
          },
          {
            "type": "minecraft:item",
            "name": "minecraft:acacia_fence_gate"
          },
          {
            "type": "minecraft:item",
            "name": "minecraft:acacia_leaves"
          },
          {
            "type": "minecraft:item",
            "name": "minecraft:acacia_log"
          },
          {
            "type": "minecraft:item",
            "name": "minecraft:acacia_planks"
          },
          {
            "type": "minecraft:item",
            "name": "minecraft:acacia_pressure_plate"
          },
          {
            "type": "minecraft:item",
            "name": "minecraft:acacia_sapling"
          },
          {
            "type": "minecraft:item",
            "name": "minecraft:acacia_sign"
          },
          {
            "type": "minecraft:item",
            "name": "minecraft:acacia_slab"
          },
          {
            "type": "minecraft:item",
            "name": "minecraft:acacia_stairs"
          },
          {
            "type": "minecraft:item",
            "name": "minecraft:acacia_trapdoor"
          },
          {
            "type": "minecraft:item",
            "name": "minecraft:acacia_wood"
          },
          {
            "type": "minecraft:item",
            "name": "minecraft:activator_rail"
          },
          {
            "type": "minecraft:item",
            "name": "minecraft:allium"
          },
          {
            "type": "minecraft:item",
            "name": "minecraft:andesite"
          },
          {
            "type": "minecraft:item",
            "name": "minecraft:andesite_slab"
          },
          {
            "type": "minecraft:item",
            "name": "minecraft:andesite_stairs"
          },
          {
            "type": "minecraft:item",
            "name": "minecraft:andesite_wall"
          },
          {
            "type": "minecraft:item",
            "name": "minecraft:anvil"
          },
          {
            "type": "minecraft:item",
            "name": "minecraft:apple"
          },
          {
            "type": "minecraft:item",
            "name": "minecraft:armor_stand"
          },
          {
            "type": "minecraft:item",
            "name": "minecraft:arrow"
          },
          {
            "type": "minecraft:item",
            "name": "minecraft:azure_bluet"
          },
          {
            "type": "minecraft:item",
            "name": "minecraft:baked_potato"
          },
          {
            "type": "minecraft:item",
            "name": "minecraft:bamboo"
          },
          {
            "type": "minecraft:item",
            "name": "minecraft:barrel"
          },
          {
            "type": "minecraft:item",
            "name": "minecraft:beacon"
          },
          {
            "type": "minecraft:item",
            "name": "minecraft:beef"
          },
          {
            "type": "minecraft:item",
            "name": "minecraft:beetroot"
          },
          {
            "type": "minecraft:item",
            "name": "minecraft:beetroot_seeds"
          },
          {
            "type": "minecraft:item",
            "name": "minecraft:beetroot_soup"
          },
          {
            "type": "minecraft:item",
            "name": "minecraft:bell"
          },
          {
            "type": "minecraft:item",
            "name": "minecraft:birch_boat"
          },
          {
            "type": "minecraft:item",
            "name": "minecraft:birch_button"
          },
          {
            "type": "minecraft:item",
            "name": "minecraft:birch_door"
          },
          {
            "type": "minecraft:item",
            "name": "minecraft:birch_fence"
          },
          {
            "type": "minecraft:item",
            "name": "minecraft:birch_fence_gate"
          },
          {
            "type": "minecraft:item",
            "name": "minecraft:birch_leaves"
          },
          {
            "type": "minecraft:item",
            "name": "minecraft:birch_log"
          },
          {
            "type": "minecraft:item",
            "name": "minecraft:birch_planks"
          },
          {
            "type": "minecraft:item",
            "name": "minecraft:birch_pressure_plate"
          },
          {
            "type": "minecraft:item",
            "name": "minecraft:birch_sapling"
          },
          {
            "type": "minecraft:item",
            "name": "minecraft:birch_sign"
          },
          {
            "type": "minecraft:item",
            "name": "minecraft:birch_slab"
          },
          {
            "type": "minecraft:item",
            "name": "minecraft:birch_stairs"
          },
          {
            "type": "minecraft:item",
            "name": "minecraft:birch_trapdoor"
          },
          {
            "type": "minecraft:item",
            "name": "minecraft:birch_wood"
          },
          {
            "type": "minecraft:item",
            "name": "minecraft:black_banner"
          },
          {
            "type": "minecraft:item",
            "name": "minecraft:black_carpet"
          },
          {
            "type": "minecraft:item",
            "name": "minecraft:black_concrete"
          },
          {
            "type": "minecraft:item",
            "name": "minecraft:black_concrete_powder"
          },
          {
            "type": "minecraft:item",
            "name": "minecraft:black_dye"
          },
          {
            "type": "minecraft:item",
            "name": "minecraft:black_glazed_terracotta"
          },
          {
            "type": "minecraft:item",
            "name": "minecraft:black_shulker_box"
          },
          {
            "type": "minecraft:item",
            "name": "minecraft:black_stained_glass"
          },
          {
            "type": "minecraft:item",
            "name": "minecraft:black_stained_glass_pane"
          },
          {
            "type": "minecraft:item",
            "name": "minecraft:black_terracotta"
          },
          {
            "type": "minecraft:item",
            "name": "minecraft:black_wool"
          },
          {
            "type": "minecraft:item",
            "name": "minecraft:blast_furnace"
          },
          {
            "type": "minecraft:item",
            "name": "minecraft:blaze_powder"
          },
          {
            "type": "minecraft:item",
            "name": "minecraft:blaze_rod"
          },
          {
            "type": "minecraft:item",
            "name": "minecraft:blue_banner"
          },
          {
            "type": "minecraft:item",
            "name": "minecraft:blue_bed"
          },
          {
            "type": "minecraft:item",
            "name": "minecraft:blue_bed"
          },
          {
            "type": "minecraft:item",
            "name": "minecraft:blue_carpet"
          },
          {
            "type": "minecraft:item",
            "name": "minecraft:blue_concrete"
          },
          {
            "type": "minecraft:item",
            "name": "minecraft:blue_concrete_powder"
          },
          {
            "type": "minecraft:item",
            "name": "minecraft:blue_dye"
          },
          {
            "type": "minecraft:item",
            "name": "minecraft:blue_glazed_terracotta"
          },
          {
            "type": "minecraft:item",
            "name": "minecraft:blue_ice"
          },
          {
            "type": "minecraft:item",
            "name": "minecraft:blue_orchid"
          },
          {
            "type": "minecraft:item",
            "name": "minecraft:blue_shulker_box"
          },
          {
            "type": "minecraft:item",
            "name": "minecraft:blue_stained_glass"
          },
          {
            "type": "minecraft:item",
            "name": "minecraft:blue_stained_glass_pane"
          },
          {
            "type": "minecraft:item",
            "name": "minecraft:blue_terracotta"
          },
          {
            "type": "minecraft:item",
            "name": "minecraft:blue_wool"
          },
          {
            "type": "minecraft:item",
            "name": "minecraft:bone"
          },
          {
            "type": "minecraft:item",
            "name": "minecraft:bone_block"
          },
          {
            "type": "minecraft:item",
            "name": "minecraft:bone_meal"
          },
          {
            "type": "minecraft:item",
            "name": "minecraft:book"
          },
          {
            "type": "minecraft:item",
            "name": "minecraft:bookshelf"
          },
          {
            "type": "minecraft:item",
            "name": "minecraft:bow"
          },
          {
            "type": "minecraft:item",
            "name": "minecraft:bowl"
          },
          {
            "type": "minecraft:item",
            "name": "minecraft:brain_coral"
          },
          {
            "type": "minecraft:item",
            "name": "minecraft:brain_coral_block"
          },
          {
            "type": "minecraft:item",
            "name": "minecraft:brain_coral_fan"
          },
          {
            "type": "minecraft:item",
            "name": "minecraft:bread"
          },
          {
            "type": "minecraft:item",
            "name": "minecraft:brewing_stand"
          },
          {
            "type": "minecraft:item",
            "name": "minecraft:brick"
          },
          {
            "type": "minecraft:item",
            "name": "minecraft:brick_slab"
          },
          {
            "type": "minecraft:item",
            "name": "minecraft:brick_stairs"
          },
          {
            "type": "minecraft:item",
            "name": "minecraft:brick_wall"
          },
          {
            "type": "minecraft:item",
            "name": "minecraft:bricks"
          },
          {
            "type": "minecraft:item",
            "name": "minecraft:brown_banner"
          },
          {
            "type": "minecraft:item",
            "name": "minecraft:brown_bed"
          },
          {
            "type": "minecraft:item",
            "name": "minecraft:brown_carpet"
          },
          {
            "type": "minecraft:item",
            "name": "minecraft:brown_concrete"
          },
          {
            "type": "minecraft:item",
            "name": "minecraft:brown_concrete_powder"
          },
          {
            "type": "minecraft:item",
            "name": "minecraft:brown_dye"
          },
          {
            "type": "minecraft:item",
            "name": "minecraft:brown_glazed_terracotta"
          },
          {
            "type": "minecraft:item",
            "name": "minecraft:brown_mushroom"
          },
          {
            "type": "minecraft:item",
            "name": "minecraft:brown_mushroom_block"
          },
          {
            "type": "minecraft:item",
            "name": "minecraft:brown_shulker_box"
          },
          {
            "type": "minecraft:item",
            "name": "minecraft:brown_stained_glass"
          },
          {
            "type": "minecraft:item",
            "name": "minecraft:brown_stained_glass_pane"
          },
          {
            "type": "minecraft:item",
            "name": "minecraft:brown_terracotta"
          },
          {
            "type": "minecraft:item",
            "name": "minecraft:brown_wool"
          },
          {
            "type": "minecraft:item",
            "name": "minecraft:bubble_coral"
          },
          {
            "type": "minecraft:item",
            "name": "minecraft:bubble_coral_block"
          },
          {
            "type": "minecraft:item",
            "name": "minecraft:bubble_coral_fan"
          },
          {
            "type": "minecraft:item",
            "name": "minecraft:bucket"
          },
          {
            "type": "minecraft:item",
            "name": "minecraft:cactus"
          },
          {
            "type": "minecraft:item",
            "name": "minecraft:cake"
          },
          {
            "type": "minecraft:item",
            "name": "minecraft:campfire"
          },
          {
            "type": "minecraft:item",
            "name": "minecraft:carrot"
          },
          {
            "type": "minecraft:item",
            "name": "minecraft:carrot_on_a_stick"
          },
          {
            "type": "minecraft:item",
            "name": "minecraft:cartography_table"
          },
          {
            "type": "minecraft:item",
            "name": "minecraft:carved_pumpkin"
          },
          {
            "type": "minecraft:item",
            "name": "minecraft:cauldron"
          },
          {
            "type": "minecraft:item",
            "name": "minecraft:chainmail_boots"
          },
          {
            "type": "minecraft:item",
            "name": "minecraft:chainmail_chestplate"
          },
          {
            "type": "minecraft:item",
            "name": "minecraft:chainmail_helmet"
          },
          {
            "type": "minecraft:item",
            "name": "minecraft:chainmail_leggings"
          },
          {
            "type": "minecraft:item",
            "name": "minecraft:charcoal"
          },
          {
            "type": "minecraft:item",
            "name": "minecraft:chest"
          },
          {
            "type": "minecraft:item",
            "name": "minecraft:chest_minecart"
          },
          {
            "type": "minecraft:item",
            "name": "minecraft:chicken"
          },
          {
            "type": "minecraft:item",
            "name": "minecraft:chipped_anvil"
          },
          {
            "type": "minecraft:item",
            "name": "minecraft:chiseled_quartz_block"
          },
          {
            "type": "minecraft:item",
            "name": "minecraft:chiseled_red_sandstone"
          },
          {
            "type": "minecraft:item",
            "name": "minecraft:chiseled_sandstone"
          },
          {
            "type": "minecraft:item",
            "name": "minecraft:chiseled_stone_bricks"
          },
          {
            "type": "minecraft:item",
            "name": "minecraft:chorus_flower"
          },
          {
            "type": "minecraft:item",
            "name": "minecraft:chorus_fruit"
          },
          {
            "type": "minecraft:item",
            "name": "minecraft:chorus_plant"
          },
          {
            "type": "minecraft:item",
            "name": "minecraft:clay"
          },
          {
            "type": "minecraft:item",
            "name": "minecraft:clay_ball"
          },
          {
            "type": "minecraft:item",
            "name": "minecraft:clock"
          },
          {
            "type": "minecraft:item",
            "name": "minecraft:coal"
          },
          {
            "type": "minecraft:item",
            "name": "minecraft:coal_block"
          },
          {
            "type": "minecraft:item",
            "name": "minecraft:coal_ore"
          },
          {
            "type": "minecraft:item",
            "name": "minecraft:coarse_dirt"
          },
          {
            "type": "minecraft:item",
            "name": "minecraft:cobblestone"
          },
          {
            "type": "minecraft:item",
            "name": "minecraft:cobblestone_slab"
          },
          {
            "type": "minecraft:item",
            "name": "minecraft:cobblestone_stairs"
          },
          {
            "type": "minecraft:item",
            "name": "minecraft:cobblestone_wall"
          },
          {
            "type": "minecraft:item",
            "name": "minecraft:cobweb"
          },
          {
            "type": "minecraft:item",
            "name": "minecraft:cocoa_beans"
          },
          {
            "type": "minecraft:item",
            "name": "minecraft:cod"
          },
          {
            "type": "minecraft:item",
            "name": "minecraft:cod_bucket"
          },
          {
            "type": "minecraft:item",
            "name": "minecraft:comparator"
          },
          {
            "type": "minecraft:item",
            "name": "minecraft:compass"
          },
          {
            "type": "minecraft:item",
            "name": "minecraft:composter"
          },
          {
            "type": "minecraft:item",
            "name": "minecraft:conduit"
          },
          {
            "type": "minecraft:item",
            "name": "minecraft:cooked_beef"
          },
          {
            "type": "minecraft:item",
            "name": "minecraft:cooked_chicken"
          },
          {
            "type": "minecraft:item",
            "name": "minecraft:cooked_cod"
          },
          {
            "type": "minecraft:item",
            "name": "minecraft:cooked_mutton"
          },
          {
            "type": "minecraft:item",
            "name": "minecraft:cooked_porkchop"
          },
          {
            "type": "minecraft:item",
            "name": "minecraft:cooked_rabbit"
          },
          {
            "type": "minecraft:item",
            "name": "minecraft:cooked_salmon"
          },
          {
            "type": "minecraft:item",
            "name": "minecraft:cookie"
          },
          {
            "type": "minecraft:item",
            "name": "minecraft:cornflower"
          },
          {
            "type": "minecraft:item",
            "name": "minecraft:cracked_stone_bricks"
          },
          {
            "type": "minecraft:item",
            "name": "minecraft:crafting_table"
          },
          {
            "type": "minecraft:item",
            "name": "minecraft:creeper_banner_pattern"
          },
          {
            "type": "minecraft:item",
            "name": "minecraft:creeper_head"
          },
          {
            "type": "minecraft:item",
            "name": "minecraft:crossbow"
          },
          {
            "type": "minecraft:item",
            "name": "minecraft:cut_red_sandstone"
          },
          {
            "type": "minecraft:item",
            "name": "minecraft:cut_red_sandstone_slab"
          },
          {
            "type": "minecraft:item",
            "name": "minecraft:cut_sandstone"
          },
          {
            "type": "minecraft:item",
            "name": "minecraft:cut_sandstone_slab"
          },
          {
            "type": "minecraft:item",
            "name": "minecraft:cyan_banner"
          },
          {
            "type": "minecraft:item",
            "name": "minecraft:cyan_bed"
          },
          {
            "type": "minecraft:item",
            "name": "minecraft:cyan_carpet"
          },
          {
            "type": "minecraft:item",
            "name": "minecraft:cyan_concrete"
          },
          {
            "type": "minecraft:item",
            "name": "minecraft:cyan_concrete_powder"
          },
          {
            "type": "minecraft:item",
            "name": "minecraft:cyan_dye"
          },
          {
            "type": "minecraft:item",
            "name": "minecraft:cyan_glazed_terracotta"
          },
          {
            "type": "minecraft:item",
            "name": "minecraft:cyan_shulker_box"
          },
          {
            "type": "minecraft:item",
            "name": "minecraft:cyan_stained_glass"
          },
          {
            "type": "minecraft:item",
            "name": "minecraft:cyan_stained_glass_pane"
          },
          {
            "type": "minecraft:item",
            "name": "minecraft:cyan_terracotta"
          },
          {
            "type": "minecraft:item",
            "name": "minecraft:cyan_wool"
          },
          {
            "type": "minecraft:item",
            "name": "minecraft:damaged_anvil"
          },
          {
            "type": "minecraft:item",
            "name": "minecraft:dandelion"
          },
          {
            "type": "minecraft:item",
            "name": "minecraft:dark_oak_boat"
          },
          {
            "type": "minecraft:item",
            "name": "minecraft:dark_oak_button"
          },
          {
            "type": "minecraft:item",
            "name": "minecraft:dark_oak_door"
          },
          {
            "type": "minecraft:item",
            "name": "minecraft:dark_oak_fence"
          },
          {
            "type": "minecraft:item",
            "name": "minecraft:dark_oak_fence_gate"
          },
          {
            "type": "minecraft:item",
            "name": "minecraft:dark_oak_leaves"
          },
          {
            "type": "minecraft:item",
            "name": "minecraft:dark_oak_log"
          },
          {
            "type": "minecraft:item",
            "name": "minecraft:dark_oak_planks"
          },
          {
            "type": "minecraft:item",
            "name": "minecraft:dark_oak_pressure_plate"
          },
          {
            "type": "minecraft:item",
            "name": "minecraft:dark_oak_sapling"
          },
          {
            "type": "minecraft:item",
            "name": "minecraft:dark_oak_sign"
          },
          {
            "type": "minecraft:item",
            "name": "minecraft:dark_oak_slab"
          },
          {
            "type": "minecraft:item",
            "name": "minecraft:dark_oak_stairs"
          },
          {
            "type": "minecraft:item",
            "name": "minecraft:dark_oak_trapdoor"
          },
          {
            "type": "minecraft:item",
            "name": "minecraft:dark_oak_wood"
          },
          {
            "type": "minecraft:item",
            "name": "minecraft:dark_prismarine"
          },
          {
            "type": "minecraft:item",
            "name": "minecraft:dark_prismarine_slab"
          },
          {
            "type": "minecraft:item",
            "name": "minecraft:dark_prismarine_stairs"
          },
          {
            "type": "minecraft:item",
            "name": "minecraft:daylight_detector"
          },
          {
            "type": "minecraft:item",
            "name": "minecraft:dead_brain_coral"
          },
          {
            "type": "minecraft:item",
            "name": "minecraft:dead_brain_coral_block"
          },
          {
            "type": "minecraft:item",
            "name": "minecraft:dead_brain_coral_fan"
          },
          {
            "type": "minecraft:item",
            "name": "minecraft:dead_bubble_coral"
          },
          {
            "type": "minecraft:item",
            "name": "minecraft:dead_bubble_coral_block"
          },
          {
            "type": "minecraft:item",
            "name": "minecraft:dead_bubble_coral_fan"
          },
          {
            "type": "minecraft:item",
            "name": "minecraft:dead_bush"
          },
          {
            "type": "minecraft:item",
            "name": "minecraft:dead_fire_coral"
          },
          {
            "type": "minecraft:item",
            "name": "minecraft:dead_fire_coral_block"
          },
          {
            "type": "minecraft:item",
            "name": "minecraft:dead_fire_coral_fan"
          },
          {
            "type": "minecraft:item",
            "name": "minecraft:dead_horn_coral"
          },
          {
            "type": "minecraft:item",
            "name": "minecraft:dead_horn_coral_block"
          },
          {
            "type": "minecraft:item",
            "name": "minecraft:dead_horn_coral_fan"
          },
          {
            "type": "minecraft:item",
            "name": "minecraft:dead_tube_coral"
          },
          {
            "type": "minecraft:item",
            "name": "minecraft:dead_tube_coral_block"
          },
          {
            "type": "minecraft:item",
            "name": "minecraft:dead_tube_coral_fan"
          },
          {
            "type": "minecraft:item",
            "name": "minecraft:detector_rail"
          },
          {
            "type": "minecraft:item",
            "name": "minecraft:diamond"
          },
          {
            "type": "minecraft:item",
            "name": "minecraft:diamond_axe"
          },
          {
            "type": "minecraft:item",
            "name": "minecraft:diamond_block"
          },
          {
            "type": "minecraft:item",
            "name": "minecraft:diamond_boots"
          },
          {
            "type": "minecraft:item",
            "name": "minecraft:diamond_chestplate"
          },
          {
            "type": "minecraft:item",
            "name": "minecraft:diamond_helmet"
          },
          {
            "type": "minecraft:item",
            "name": "minecraft:diamond_hoe"
          },
          {
            "type": "minecraft:item",
            "name": "minecraft:diamond_horse_armor"
          },
          {
            "type": "minecraft:item",
            "name": "minecraft:diamond_leggings"
          },
          {
            "type": "minecraft:item",
            "name": "minecraft:diamond_ore"
          },
          {
            "type": "minecraft:item",
            "name": "minecraft:diamond_pickaxe"
          },
          {
            "type": "minecraft:item",
            "name": "minecraft:diamond_shovel"
          },
          {
            "type": "minecraft:item",
            "name": "minecraft:diamond_sword"
          },
          {
            "type": "minecraft:item",
            "name": "minecraft:diorite"
          },
          {
            "type": "minecraft:item",
            "name": "minecraft:diorite_slab"
          },
          {
            "type": "minecraft:item",
            "name": "minecraft:diorite_stairs"
          },
          {
            "type": "minecraft:item",
            "name": "minecraft:diorite_wall"
          },
          {
            "type": "minecraft:item",
            "name": "minecraft:dirt"
          },
          {
            "type": "minecraft:item",
            "name": "minecraft:dispenser"
          },
          {
            "type": "minecraft:item",
            "name": "minecraft:dragon_breath"
          },
          {
            "type": "minecraft:item",
            "name": "minecraft:dragon_egg"
          },
          {
            "type": "minecraft:item",
            "name": "minecraft:dragon_head"
          },
          {
            "type": "minecraft:item",
            "name": "minecraft:dried_kelp"
          },
          {
            "type": "minecraft:item",
            "name": "minecraft:dried_kelp_block"
          },
          {
            "type": "minecraft:item",
            "name": "minecraft:dropper"
          },
          {
            "type": "minecraft:item",
            "name": "minecraft:egg"
          },
          {
            "type": "minecraft:item",
            "name": "minecraft:elytra"
          },
          {
            "type": "minecraft:item",
            "name": "minecraft:emerald"
          },
          {
            "type": "minecraft:item",
            "name": "minecraft:emerald_block"
          },
          {
            "type": "minecraft:item",
            "name": "minecraft:emerald_ore"
          },
          {
            "type": "minecraft:item",
            "name": "minecraft:enchanted_golden_apple"
          },
          {
            "type": "minecraft:item",
            "name": "minecraft:enchanting_table"
          },
          {
            "type": "minecraft:item",
            "name": "minecraft:end_crystal"
          },
          {
            "type": "minecraft:item",
            "name": "minecraft:end_rod"
          },
          {
            "type": "minecraft:item",
            "name": "minecraft:end_stone"
          },
          {
            "type": "minecraft:item",
            "name": "minecraft:end_stone_brick_slab"
          },
          {
            "type": "minecraft:item",
            "name": "minecraft:end_stone_brick_stairs"
          },
          {
            "type": "minecraft:item",
            "name": "minecraft:end_stone_brick_wall"
          },
          {
            "type": "minecraft:item",
            "name": "minecraft:end_stone_bricks"
          },
          {
            "type": "minecraft:item",
            "name": "minecraft:ender_chest"
          },
          {
            "type": "minecraft:item",
            "name": "minecraft:ender_eye"
          },
          {
            "type": "minecraft:item",
            "name": "minecraft:ender_pearl"
          },
          {
            "type": "minecraft:item",
            "name": "minecraft:experience_bottle"
          },
          {
            "type": "minecraft:item",
            "name": "minecraft:farmland"
          },
          {
            "type": "minecraft:item",
            "name": "minecraft:feather"
          },
          {
            "type": "minecraft:item",
            "name": "minecraft:fermented_spider_eye"
          },
          {
            "type": "minecraft:item",
            "name": "minecraft:fern"
          },
          {
            "type": "minecraft:item",
            "name": "minecraft:filled_map"
          },
          {
            "type": "minecraft:item",
            "name": "minecraft:fire_charge"
          },
          {
            "type": "minecraft:item",
            "name": "minecraft:fire_coral_block"
          },
          {
            "type": "minecraft:item",
            "name": "minecraft:fire_coral_fan"
          },
          {
            "type": "minecraft:item",
            "name": "minecraft:fire_coral"
          },
          {
            "type": "minecraft:item",
            "name": "minecraft:firework_rocket"
          },
          {
            "type": "minecraft:item",
            "name": "minecraft:firework_star"
          },
          {
            "type": "minecraft:item",
            "name": "minecraft:fishing_rod"
          },
          {
            "type": "minecraft:item",
            "name": "minecraft:fletching_table"
          },
          {
            "type": "minecraft:item",
            "name": "minecraft:flint"
          },
          {
            "type": "minecraft:item",
            "name": "minecraft:flint_and_steel"
          },
          {
            "type": "minecraft:item",
            "name": "minecraft:flower_banner_pattern"
          },
          {
            "type": "minecraft:item",
            "name": "minecraft:flower_pot"
          },
          {
            "type": "minecraft:item",
            "name": "minecraft:furnace"
          },
          {
            "type": "minecraft:item",
            "name": "minecraft:furnace_minecart"
          },
          {
            "type": "minecraft:item",
            "name": "minecraft:ghast_tear"
          },
          {
            "type": "minecraft:item",
            "name": "minecraft:glass"
          },
          {
            "type": "minecraft:item",
            "name": "minecraft:glass_bottle"
          },
          {
            "type": "minecraft:item",
            "name": "minecraft:glass_pane"
          },
          {
            "type": "minecraft:item",
            "name": "minecraft:glistering_melon_slice"
          },
          {
            "type": "minecraft:item",
            "name": "minecraft:globe_banner_pattern"
          },
          {
            "type": "minecraft:item",
            "name": "minecraft:glowstone"
          },
          {
            "type": "minecraft:item",
            "name": "minecraft:glowstone_dust"
          },
          {
            "type": "minecraft:item",
            "name": "minecraft:gold_block"
          },
          {
            "type": "minecraft:item",
            "name": "minecraft:gold_ingot"
          },
          {
            "type": "minecraft:item",
            "name": "minecraft:gold_nugget"
          },
          {
            "type": "minecraft:item",
            "name": "minecraft:gold_ore"
          },
          {
            "type": "minecraft:item",
            "name": "minecraft:golden_apple"
          },
          {
            "type": "minecraft:item",
            "name": "minecraft:golden_axe"
          },
          {
            "type": "minecraft:item",
            "name": "minecraft:golden_boots"
          },
          {
            "type": "minecraft:item",
            "name": "minecraft:golden_carrot"
          },
          {
            "type": "minecraft:item",
            "name": "minecraft:golden_chestplate"
          },
          {
            "type": "minecraft:item",
            "name": "minecraft:golden_helmet"
          },
          {
            "type": "minecraft:item",
            "name": "minecraft:golden_hoe"
          },
          {
            "type": "minecraft:item",
            "name": "minecraft:golden_horse_armor"
          },
          {
            "type": "minecraft:item",
            "name": "minecraft:golden_leggings"
          },
          {
            "type": "minecraft:item",
            "name": "minecraft:golden_pickaxe"
          },
          {
            "type": "minecraft:item",
            "name": "minecraft:golden_shovel"
          },
          {
            "type": "minecraft:item",
            "name": "minecraft:golden_sword"
          },
          {
            "type": "minecraft:item",
            "name": "minecraft:granite"
          },
          {
            "type": "minecraft:item",
            "name": "minecraft:granite_slab"
          },
          {
            "type": "minecraft:item",
            "name": "minecraft:granite_stairs"
          },
          {
            "type": "minecraft:item",
            "name": "minecraft:granite_wall"
          },
          {
            "type": "minecraft:item",
            "name": "minecraft:grass"
          },
          {
            "type": "minecraft:item",
            "name": "minecraft:grass_block"
          },
          {
            "type": "minecraft:item",
            "name": "minecraft:gravel"
          },
          {
            "type": "minecraft:item",
            "name": "minecraft:gray_banner"
          },
          {
            "type": "minecraft:item",
            "name": "minecraft:gray_bed"
          },
          {
            "type": "minecraft:item",
            "name": "minecraft:gray_carpet"
          },
          {
            "type": "minecraft:item",
            "name": "minecraft:gray_concrete"
          },
          {
            "type": "minecraft:item",
            "name": "minecraft:gray_concrete_powder"
          },
          {
            "type": "minecraft:item",
            "name": "minecraft:gray_dye"
          },
          {
            "type": "minecraft:item",
            "name": "minecraft:gray_glazed_terracotta"
          },
          {
            "type": "minecraft:item",
            "name": "minecraft:gray_shulker_box"
          },
          {
            "type": "minecraft:item",
            "name": "minecraft:gray_stained_glass"
          },
          {
            "type": "minecraft:item",
            "name": "minecraft:gray_stained_glass_pane"
          },
          {
            "type": "minecraft:item",
            "name": "minecraft:gray_terracotta"
          },
          {
            "type": "minecraft:item",
            "name": "minecraft:gray_wool"
          },
          {
            "type": "minecraft:item",
            "name": "minecraft:green_banner"
          },
          {
            "type": "minecraft:item",
            "name": "minecraft:green_bed"
          },
          {
            "type": "minecraft:item",
            "name": "minecraft:green_carpet"
          },
          {
            "type": "minecraft:item",
            "name": "minecraft:green_concrete"
          },
          {
            "type": "minecraft:item",
            "name": "minecraft:green_concrete_powder"
          },
          {
            "type": "minecraft:item",
            "name": "minecraft:green_dye"
          },
          {
            "type": "minecraft:item",
            "name": "minecraft:green_glazed_terracotta"
          },
          {
            "type": "minecraft:item",
            "name": "minecraft:green_shulker_box"
          },
          {
            "type": "minecraft:item",
            "name": "minecraft:green_stained_glass"
          },
          {
            "type": "minecraft:item",
            "name": "minecraft:green_stained_glass_pane"
          },
          {
            "type": "minecraft:item",
            "name": "minecraft:green_terracotta"
          },
          {
            "type": "minecraft:item",
            "name": "minecraft:green_wool"
          },
          {
            "type": "minecraft:item",
            "name": "minecraft:grindstone"
          },
          {
            "type": "minecraft:item",
            "name": "minecraft:gunpowder"
          },
          {
            "type": "minecraft:item",
            "name": "minecraft:hay_block"
          },
          {
            "type": "minecraft:item",
            "name": "minecraft:heart_of_the_sea"
          },
          {
            "type": "minecraft:item",
            "name": "minecraft:heavy_weighted_pressure_plate"
          },
          {
            "type": "minecraft:item",
            "name": "minecraft:hopper"
          },
          {
            "type": "minecraft:item",
            "name": "minecraft:hopper_minecart"
          },
          {
            "type": "minecraft:item",
            "name": "minecraft:horn_coral"
          },
          {
            "type": "minecraft:item",
            "name": "minecraft:horn_coral_block"
          },
          {
            "type": "minecraft:item",
            "name": "minecraft:horn_coral_fan"
          },
          {
            "type": "minecraft:item",
            "name": "minecraft:horse_spawn_egg"
          },
          {
            "type": "minecraft:item",
            "name": "minecraft:ice"
          },
          {
            "type": "minecraft:item",
            "name": "minecraft:ink_sac"
          },
          {
            "type": "minecraft:item",
            "name": "minecraft:iron_axe"
          },
          {
            "type": "minecraft:item",
            "name": "minecraft:iron_bars"
          },
          {
            "type": "minecraft:item",
            "name": "minecraft:iron_block"
          },
          {
            "type": "minecraft:item",
            "name": "minecraft:iron_boots"
          },
          {
            "type": "minecraft:item",
            "name": "minecraft:iron_chestplate"
          },
          {
            "type": "minecraft:item",
            "name": "minecraft:iron_door"
          },
          {
            "type": "minecraft:item",
            "name": "minecraft:iron_helmet"
          },
          {
            "type": "minecraft:item",
            "name": "minecraft:iron_hoe"
          },
          {
            "type": "minecraft:item",
            "name": "minecraft:iron_horse_armor"
          },
          {
            "type": "minecraft:item",
            "name": "minecraft:iron_ingot"
          },
          {
            "type": "minecraft:item",
            "name": "minecraft:iron_leggings"
          },
          {
            "type": "minecraft:item",
            "name": "minecraft:iron_nugget"
          },
          {
            "type": "minecraft:item",
            "name": "minecraft:iron_ore"
          },
          {
            "type": "minecraft:item",
            "name": "minecraft:iron_pickaxe"
          },
          {
            "type": "minecraft:item",
            "name": "minecraft:iron_shovel"
          },
          {
            "type": "minecraft:item",
            "name": "minecraft:iron_sword"
          },
          {
            "type": "minecraft:item",
            "name": "minecraft:iron_trapdoor"
          },
          {
            "type": "minecraft:item",
            "name": "minecraft:item_frame"
          },
          {
            "type": "minecraft:item",
            "name": "minecraft:jack_o_lantern"
          },
          {
            "type": "minecraft:item",
            "name": "minecraft:jukebox"
          },
          {
            "type": "minecraft:item",
            "name": "minecraft:jungle_boat"
          },
          {
            "type": "minecraft:item",
            "name": "minecraft:jungle_button"
          },
          {
            "type": "minecraft:item",
            "name": "minecraft:jungle_door"
          },
          {
            "type": "minecraft:item",
            "name": "minecraft:jungle_fence"
          },
          {
            "type": "minecraft:item",
            "name": "minecraft:jungle_fence_gate"
          },
          {
            "type": "minecraft:item",
            "name": "minecraft:jungle_leaves"
          },
          {
            "type": "minecraft:item",
            "name": "minecraft:jungle_log"
          },
          {
            "type": "minecraft:item",
            "name": "minecraft:jungle_planks"
          },
          {
            "type": "minecraft:item",
            "name": "minecraft:jungle_pressure_plate"
          },
          {
            "type": "minecraft:item",
            "name": "minecraft:jungle_sapling"
          },
          {
            "type": "minecraft:item",
            "name": "minecraft:jungle_sign"
          },
          {
            "type": "minecraft:item",
            "name": "minecraft:jungle_slab"
          },
          {
            "type": "minecraft:item",
            "name": "minecraft:jungle_stairs"
          },
          {
            "type": "minecraft:item",
            "name": "minecraft:jungle_trapdoor"
          },
          {
            "type": "minecraft:item",
            "name": "minecraft:jungle_wood"
          },
          {
            "type": "minecraft:item",
            "name": "minecraft:kelp"
          },
          {
            "type": "minecraft:item",
            "name": "minecraft:ladder"
          },
          {
            "type": "minecraft:item",
            "name": "minecraft:lantern"
          },
          {
            "type": "minecraft:item",
            "name": "minecraft:lapis_block"
          },
          {
            "type": "minecraft:item",
            "name": "minecraft:lapis_lazuli"
          },
          {
            "type": "minecraft:item",
            "name": "minecraft:lapis_ore"
          },
          {
            "type": "minecraft:item",
            "name": "minecraft:large_fern"
          },
          {
            "type": "minecraft:item",
            "name": "minecraft:lava_bucket"
          },
          {
            "type": "minecraft:item",
            "name": "minecraft:lead"
          },
          {
            "type": "minecraft:item",
            "name": "minecraft:leather"
          },
          {
            "type": "minecraft:item",
            "name": "minecraft:leather_boots"
          },
          {
            "type": "minecraft:item",
            "name": "minecraft:leather_chestplate"
          },
          {
            "type": "minecraft:item",
            "name": "minecraft:leather_helmet"
          },
          {
            "type": "minecraft:item",
            "name": "minecraft:leather_horse_armor"
          },
          {
            "type": "minecraft:item",
            "name": "minecraft:leather_leggings"
          },
          {
            "type": "minecraft:item",
            "name": "minecraft:lectern"
          },
          {
            "type": "minecraft:item",
            "name": "minecraft:lever"
          },
          {
            "type": "minecraft:item",
            "name": "minecraft:light_blue_banner"
          },
          {
            "type": "minecraft:item",
            "name": "minecraft:light_blue_bed"
          },
          {
            "type": "minecraft:item",
            "name": "minecraft:light_blue_carpet"
          },
          {
            "type": "minecraft:item",
            "name": "minecraft:light_blue_concrete"
          },
          {
            "type": "minecraft:item",
            "name": "minecraft:light_blue_concrete_powder"
          },
          {
            "type": "minecraft:item",
            "name": "minecraft:light_blue_dye"
          },
          {
            "type": "minecraft:item",
            "name": "minecraft:light_blue_glazed_terracotta"
          },
          {
            "type": "minecraft:item",
            "name": "minecraft:light_blue_shulker_box"
          },
          {
            "type": "minecraft:item",
            "name": "minecraft:light_blue_stained_glass"
          },
          {
            "type": "minecraft:item",
            "name": "minecraft:light_blue_stained_glass_pane"
          },
          {
            "type": "minecraft:item",
            "name": "minecraft:light_blue_terracotta"
          },
          {
            "type": "minecraft:item",
            "name": "minecraft:light_blue_wool"
          },
          {
            "type": "minecraft:item",
            "name": "minecraft:light_gray_banner"
          },
          {
            "type": "minecraft:item",
            "name": "minecraft:light_gray_bed"
          },
          {
            "type": "minecraft:item",
            "name": "minecraft:light_gray_carpet"
          },
          {
            "type": "minecraft:item",
            "name": "minecraft:light_gray_concrete"
          },
          {
            "type": "minecraft:item",
            "name": "minecraft:light_gray_concrete_powder"
          },
          {
            "type": "minecraft:item",
            "name": "minecraft:light_gray_dye"
          },
          {
            "type": "minecraft:item",
            "name": "minecraft:light_gray_glazed_terracotta"
          },
          {
            "type": "minecraft:item",
            "name": "minecraft:light_gray_shulker_box"
          },
          {
            "type": "minecraft:item",
            "name": "minecraft:light_gray_stained_glass"
          },
          {
            "type": "minecraft:item",
            "name": "minecraft:light_gray_stained_glass_pane"
          },
          {
            "type": "minecraft:item",
            "name": "minecraft:light_gray_terracotta"
          },
          {
            "type": "minecraft:item",
            "name": "minecraft:light_gray_wool"
          },
          {
            "type": "minecraft:item",
            "name": "minecraft:light_weighted_pressure_plate"
          },
          {
            "type": "minecraft:item",
            "name": "minecraft:lilac"
          },
          {
            "type": "minecraft:item",
            "name": "minecraft:lily_of_the_valley"
          },
          {
            "type": "minecraft:item",
            "name": "minecraft:lily_pad"
          },
          {
            "type": "minecraft:item",
            "name": "minecraft:lime_banner"
          },
          {
            "type": "minecraft:item",
            "name": "minecraft:lime_carpet"
          },
          {
            "type": "minecraft:item",
            "name": "minecraft:lime_bed"
          },
          {
            "type": "minecraft:item",
            "name": "minecraft:lime_concrete"
          },
          {
            "type": "minecraft:item",
            "name": "minecraft:lime_concrete_powder"
          },
          {
            "type": "minecraft:item",
            "name": "minecraft:lime_dye"
          },
          {
            "type": "minecraft:item",
            "name": "minecraft:lime_glazed_terracotta"
          },
          {
            "type": "minecraft:item",
            "name": "minecraft:lime_shulker_box"
          },
          {
            "type": "minecraft:item",
            "name": "minecraft:lime_stained_glass"
          },
          {
            "type": "minecraft:item",
            "name": "minecraft:lime_stained_glass_pane"
          },
          {
            "type": "minecraft:item",
            "name": "minecraft:lime_terracotta"
          },
          {
            "type": "minecraft:item",
            "name": "minecraft:lime_wool"
          },
          {
            "type": "minecraft:item",
            "name": "minecraft:loom"
          },
          {
            "type": "minecraft:item",
            "name": "minecraft:magenta_banner"
          },
          {
            "type": "minecraft:item",
            "name": "minecraft:magenta_bed"
          },
          {
            "type": "minecraft:item",
            "name": "minecraft:magenta_carpet"
          },
          {
            "type": "minecraft:item",
            "name": "minecraft:magenta_concrete"
          },
          {
            "type": "minecraft:item",
            "name": "minecraft:magenta_concrete_powder"
          },
          {
            "type": "minecraft:item",
            "name": "minecraft:magenta_dye"
          },
          {
            "type": "minecraft:item",
            "name": "minecraft:magenta_glazed_terracotta"
          },
          {
            "type": "minecraft:item",
            "name": "minecraft:magenta_shulker_box"
          },
          {
            "type": "minecraft:item",
            "name": "minecraft:magenta_stained_glass"
          },
          {
            "type": "minecraft:item",
            "name": "minecraft:magenta_stained_glass_pane"
          },
          {
            "type": "minecraft:item",
            "name": "minecraft:magenta_terracotta"
          },
          {
            "type": "minecraft:item",
            "name": "minecraft:magenta_wool"
          },
          {
            "type": "minecraft:item",
            "name": "minecraft:magma_block"
          },
          {
            "type": "minecraft:item",
            "name": "minecraft:magma_cream"
          },
          {
            "type": "minecraft:item",
            "name": "minecraft:map"
          },
          {
            "type": "minecraft:item",
            "name": "minecraft:melon"
          },
          {
            "type": "minecraft:item",
            "name": "minecraft:melon_seeds"
          },
          {
            "type": "minecraft:item",
            "name": "minecraft:melon_slice"
          },
          {
            "type": "minecraft:item",
            "name": "minecraft:milk_bucket"
          },
          {
            "type": "minecraft:item",
            "name": "minecraft:minecart"
          },
          {
            "type": "minecraft:item",
            "name": "minecraft:mojang_banner_pattern"
          },
          {
            "type": "minecraft:item",
            "name": "minecraft:mossy_cobblestone"
          },
          {
            "type": "minecraft:item",
            "name": "minecraft:mossy_cobblestone_slab"
          },
          {
            "type": "minecraft:item",
            "name": "minecraft:mossy_cobblestone_stairs"
          },
          {
            "type": "minecraft:item",
            "name": "minecraft:mossy_cobblestone_wall"
          },
          {
            "type": "minecraft:item",
            "name": "minecraft:mossy_stone_brick_slab"
          },
          {
            "type": "minecraft:item",
            "name": "minecraft:mossy_stone_brick_stairs"
          },
          {
            "type": "minecraft:item",
            "name": "minecraft:mossy_stone_brick_wall"
          },
          {
            "type": "minecraft:item",
            "name": "minecraft:mossy_stone_bricks"
          },
          {
            "type": "minecraft:item",
            "name": "minecraft:mushroom_stem"
          },
          {
            "type": "minecraft:item",
            "name": "minecraft:mushroom_stew"
          },
          {
            "type": "minecraft:item",
            "name": "minecraft:music_disc_11"
          },
          {
            "type": "minecraft:item",
            "name": "minecraft:music_disc_13"
          },
          {
            "type": "minecraft:item",
            "name": "minecraft:music_disc_blocks"
          },
          {
            "type": "minecraft:item",
            "name": "minecraft:music_disc_cat"
          },
          {
            "type": "minecraft:item",
            "name": "minecraft:music_disc_chirp"
          },
          {
            "type": "minecraft:item",
            "name": "minecraft:music_disc_far"
          },
          {
            "type": "minecraft:item",
            "name": "minecraft:music_disc_mall"
          },
          {
            "type": "minecraft:item",
            "name": "minecraft:music_disc_mellohi"
          },
          {
            "type": "minecraft:item",
            "name": "minecraft:music_disc_stal"
          },
          {
            "type": "minecraft:item",
            "name": "minecraft:music_disc_strad"
          },
          {
            "type": "minecraft:item",
            "name": "minecraft:music_disc_wait"
          },
          {
            "type": "minecraft:item",
            "name": "minecraft:music_disc_ward"
          },
          {
            "type": "minecraft:item",
            "name": "minecraft:mutton"
          },
          {
            "type": "minecraft:item",
            "name": "minecraft:mycelium"
          },
          {
            "type": "minecraft:item",
            "name": "minecraft:name_tag"
          },
          {
            "type": "minecraft:item",
            "name": "minecraft:nautilus_shell"
          },
          {
            "type": "minecraft:item",
            "name": "minecraft:nether_brick"
          },
          {
            "type": "minecraft:item",
            "name": "minecraft:nether_brick_fence"
          },
          {
            "type": "minecraft:item",
            "name": "minecraft:nether_brick_slab"
          },
          {
            "type": "minecraft:item",
            "name": "minecraft:nether_brick_stairs"
          },
          {
            "type": "minecraft:item",
            "name": "minecraft:nether_brick_wall"
          },
          {
            "type": "minecraft:item",
            "name": "minecraft:nether_bricks"
          },
          {
            "type": "minecraft:item",
            "name": "minecraft:nether_quartz_ore"
          },
          {
            "type": "minecraft:item",
            "name": "minecraft:nether_star"
          },
          {
            "type": "minecraft:item",
            "name": "minecraft:nether_wart"
          },
          {
            "type": "minecraft:item",
            "name": "minecraft:nether_wart_block"
          },
          {
            "type": "minecraft:item",
            "name": "minecraft:netherrack"
          },
          {
            "type": "minecraft:item",
            "name": "minecraft:note_block"
          },
          {
            "type": "minecraft:item",
            "name": "minecraft:oak_boat"
          },
          {
            "type": "minecraft:item",
            "name": "minecraft:oak_button"
          },
          {
            "type": "minecraft:item",
            "name": "minecraft:oak_door"
          },
          {
            "type": "minecraft:item",
            "name": "minecraft:oak_fence"
          },
          {
            "type": "minecraft:item",
            "name": "minecraft:oak_fence_gate"
          },
          {
            "type": "minecraft:item",
            "name": "minecraft:oak_leaves"
          },
          {
            "type": "minecraft:item",
            "name": "minecraft:oak_log"
          },
          {
            "type": "minecraft:item",
            "name": "minecraft:oak_planks"
          },
          {
            "type": "minecraft:item",
            "name": "minecraft:oak_pressure_plate"
          },
          {
            "type": "minecraft:item",
            "name": "minecraft:oak_sapling"
          },
          {
            "type": "minecraft:item",
            "name": "minecraft:oak_sign"
          },
          {
            "type": "minecraft:item",
            "name": "minecraft:oak_slab"
          },
          {
            "type": "minecraft:item",
            "name": "minecraft:oak_stairs"
          },
          {
            "type": "minecraft:item",
            "name": "minecraft:oak_trapdoor"
          },
          {
            "type": "minecraft:item",
            "name": "minecraft:oak_wood"
          },
          {
            "type": "minecraft:item",
            "name": "minecraft:observer"
          },
          {
            "type": "minecraft:item",
            "name": "minecraft:obsidian"
          },
          {
            "type": "minecraft:item",
            "name": "minecraft:orange_banner"
          },
          {
            "type": "minecraft:item",
            "name": "minecraft:orange_bed"
          },
          {
            "type": "minecraft:item",
            "name": "minecraft:orange_carpet"
          },
          {
            "type": "minecraft:item",
            "name": "minecraft:orange_concrete"
          },
          {
            "type": "minecraft:item",
            "name": "minecraft:orange_concrete_powder"
          },
          {
            "type": "minecraft:item",
            "name": "minecraft:orange_dye"
          },
          {
            "type": "minecraft:item",
            "name": "minecraft:orange_glazed_terracotta"
          },
          {
            "type": "minecraft:item",
            "name": "minecraft:orange_shulker_box"
          },
          {
            "type": "minecraft:item",
            "name": "minecraft:orange_stained_glass"
          },
          {
            "type": "minecraft:item",
            "name": "minecraft:orange_stained_glass_pane"
          },
          {
            "type": "minecraft:item",
            "name": "minecraft:orange_terracotta"
          },
          {
            "type": "minecraft:item",
            "name": "minecraft:orange_tulip"
          },
          {
            "type": "minecraft:item",
            "name": "minecraft:orange_wool"
          },
          {
            "type": "minecraft:item",
            "name": "minecraft:oxeye_daisy"
          },
          {
            "type": "minecraft:item",
            "name": "minecraft:packed_ice"
          },
          {
            "type": "minecraft:item",
            "name": "minecraft:painting"
          },
          {
            "type": "minecraft:item",
            "name": "minecraft:paper"
          },
          {
            "type": "minecraft:item",
            "name": "minecraft:peony"
          },
          {
            "type": "minecraft:item",
            "name": "minecraft:phantom_membrane"
          },
          {
            "type": "minecraft:item",
            "name": "minecraft:phantom_spawn_egg"
          },
          {
            "type": "minecraft:item",
            "name": "minecraft:pig_spawn_egg"
          },
          {
            "type": "minecraft:item",
            "name": "minecraft:pillager_spawn_egg"
          },
          {
            "type": "minecraft:item",
            "name": "minecraft:pink_banner"
          },
          {
            "type": "minecraft:item",
            "name": "minecraft:pink_bed"
          },
          {
            "type": "minecraft:item",
            "name": "minecraft:pink_carpet"
          },
          {
            "type": "minecraft:item",
            "name": "minecraft:pink_concrete"
          },
          {
            "type": "minecraft:item",
            "name": "minecraft:pink_concrete_powder"
          },
          {
            "type": "minecraft:item",
            "name": "minecraft:pink_dye"
          },
          {
            "type": "minecraft:item",
            "name": "minecraft:pink_glazed_terracotta"
          },
          {
            "type": "minecraft:item",
            "name": "minecraft:pink_shulker_box"
          },
          {
            "type": "minecraft:item",
            "name": "minecraft:pink_stained_glass"
          },
          {
            "type": "minecraft:item",
            "name": "minecraft:pink_stained_glass_pane"
          },
          {
            "type": "minecraft:item",
            "name": "minecraft:pink_terracotta"
          },
          {
            "type": "minecraft:item",
            "name": "minecraft:pink_tulip"
          },
          {
            "type": "minecraft:item",
            "name": "minecraft:pink_wool"
          },
          {
            "type": "minecraft:item",
            "name": "minecraft:piston"
          },
          {
            "type": "minecraft:item",
            "name": "minecraft:podzol"
          },
          {
            "type": "minecraft:item",
            "name": "minecraft:poisonous_potato"
          },
          {
            "type": "minecraft:item",
            "name": "minecraft:polished_andesite"
          },
          {
            "type": "minecraft:item",
            "name": "minecraft:polished_andesite_slab"
          },
          {
            "type": "minecraft:item",
            "name": "minecraft:polished_andesite_stairs"
          },
          {
            "type": "minecraft:item",
            "name": "minecraft:polished_diorite"
          },
          {
            "type": "minecraft:item",
            "name": "minecraft:polished_diorite_slab"
          },
          {
            "type": "minecraft:item",
            "name": "minecraft:polished_diorite_stairs"
          },
          {
            "type": "minecraft:item",
            "name": "minecraft:polished_granite"
          },
          {
            "type": "minecraft:item",
            "name": "minecraft:polished_granite_slab"
          },
          {
            "type": "minecraft:item",
            "name": "minecraft:polished_granite_stairs"
          },
          {
            "type": "minecraft:item",
            "name": "minecraft:popped_chorus_fruit"
          },
          {
            "type": "minecraft:item",
            "name": "minecraft:poppy"
          },
          {
            "type": "minecraft:item",
            "name": "minecraft:porkchop"
          },
          {
            "type": "minecraft:item",
            "name": "minecraft:potato"
          },
          {
            "type": "minecraft:item",
            "name": "minecraft:powered_rail"
          },
          {
            "type": "minecraft:item",
            "name": "minecraft:prismarine"
          },
          {
            "type": "minecraft:item",
            "name": "minecraft:prismarine_brick_slab"
          },
          {
            "type": "minecraft:item",
            "name": "minecraft:prismarine_brick_stairs"
          },
          {
            "type": "minecraft:item",
            "name": "minecraft:prismarine_bricks"
          },
          {
            "type": "minecraft:item",
            "name": "minecraft:prismarine_crystals"
          },
          {
            "type": "minecraft:item",
            "name": "minecraft:prismarine_shard"
          },
          {
            "type": "minecraft:item",
            "name": "minecraft:prismarine_slab"
          },
          {
            "type": "minecraft:item",
            "name": "minecraft:prismarine_stairs"
          },
          {
            "type": "minecraft:item",
            "name": "minecraft:prismarine_wall"
          },
          {
            "type": "minecraft:item",
            "name": "minecraft:pufferfish"
          },
          {
            "type": "minecraft:item",
            "name": "minecraft:pufferfish_bucket"
          },
          {
            "type": "minecraft:item",
            "name": "minecraft:pumpkin"
          },
          {
            "type": "minecraft:item",
            "name": "minecraft:pumpkin_pie"
          },
          {
            "type": "minecraft:item",
            "name": "minecraft:pumpkin_seeds"
          },
          {
            "type": "minecraft:item",
            "name": "minecraft:purple_banner"
          },
          {
            "type": "minecraft:item",
            "name": "minecraft:purple_bed"
          },
          {
            "type": "minecraft:item",
            "name": "minecraft:purple_carpet"
          },
          {
            "type": "minecraft:item",
            "name": "minecraft:purple_concrete"
          },
          {
            "type": "minecraft:item",
            "name": "minecraft:purple_concrete_powder"
          },
          {
            "type": "minecraft:item",
            "name": "minecraft:purple_dye"
          },
          {
            "type": "minecraft:item",
            "name": "minecraft:purple_glazed_terracotta"
          },
          {
            "type": "minecraft:item",
            "name": "minecraft:purple_shulker_box"
          },
          {
            "type": "minecraft:item",
            "name": "minecraft:purple_stained_glass"
          },
          {
            "type": "minecraft:item",
            "name": "minecraft:purple_stained_glass_pane"
          },
          {
            "type": "minecraft:item",
            "name": "minecraft:purple_terracotta"
          },
          {
            "type": "minecraft:item",
            "name": "minecraft:purple_wool"
          },
          {
            "type": "minecraft:item",
            "name": "minecraft:purpur_block"
          },
          {
            "type": "minecraft:item",
            "name": "minecraft:purpur_pillar"
          },
          {
            "type": "minecraft:item",
            "name": "minecraft:purpur_slab"
          },
          {
            "type": "minecraft:item",
            "name": "minecraft:purpur_stairs"
          },
          {
            "type": "minecraft:item",
            "name": "minecraft:quartz"
          },
          {
            "type": "minecraft:item",
            "name": "minecraft:quartz_block"
          },
          {
            "type": "minecraft:item",
            "name": "minecraft:quartz_pillar"
          },
          {
            "type": "minecraft:item",
            "name": "minecraft:quartz_stairs"
          },
          {
            "type": "minecraft:item",
            "name": "minecraft:quartz_slab"
          },
          {
            "type": "minecraft:item",
            "name": "minecraft:rabbit"
          },
          {
            "type": "minecraft:item",
            "name": "minecraft:rabbit_foot"
          },
          {
            "type": "minecraft:item",
            "name": "minecraft:rabbit_hide"
          },
          {
            "type": "minecraft:item",
            "name": "minecraft:rabbit_stew"
          },
          {
            "type": "minecraft:item",
            "name": "minecraft:rail"
          },
          {
            "type": "minecraft:item",
            "name": "minecraft:red_banner"
          },
          {
            "type": "minecraft:item",
            "name": "minecraft:red_bed"
          },
          {
            "type": "minecraft:item",
            "name": "minecraft:red_carpet"
          },
          {
            "type": "minecraft:item",
            "name": "minecraft:red_concrete"
          },
          {
            "type": "minecraft:item",
            "name": "minecraft:red_concrete_powder"
          },
          {
            "type": "minecraft:item",
            "name": "minecraft:red_dye"
          },
          {
            "type": "minecraft:item",
            "name": "minecraft:red_glazed_terracotta"
          },
          {
            "type": "minecraft:item",
            "name": "minecraft:red_mushroom"
          },
          {
            "type": "minecraft:item",
            "name": "minecraft:red_mushroom_block"
          },
          {
            "type": "minecraft:item",
            "name": "minecraft:red_nether_brick_slab"
          },
          {
            "type": "minecraft:item",
            "name": "minecraft:red_nether_brick_stairs"
          },
          {
            "type": "minecraft:item",
            "name": "minecraft:red_nether_brick_wall"
          },
          {
            "type": "minecraft:item",
            "name": "minecraft:red_nether_bricks"
          },
          {
            "type": "minecraft:item",
            "name": "minecraft:red_sand"
          },
          {
            "type": "minecraft:item",
            "name": "minecraft:red_sandstone"
          },
          {
            "type": "minecraft:item",
            "name": "minecraft:red_sandstone_slab"
          },
          {
            "type": "minecraft:item",
            "name": "minecraft:red_sandstone_stairs"
          },
          {
            "type": "minecraft:item",
            "name": "minecraft:red_sandstone_wall"
          },
          {
            "type": "minecraft:item",
            "name": "minecraft:red_shulker_box"
          },
          {
            "type": "minecraft:item",
            "name": "minecraft:red_stained_glass"
          },
          {
            "type": "minecraft:item",
            "name": "minecraft:red_stained_glass_pane"
          },
          {
            "type": "minecraft:item",
            "name": "minecraft:red_terracotta"
          },
          {
            "type": "minecraft:item",
            "name": "minecraft:red_tulip"
          },
          {
            "type": "minecraft:item",
            "name": "minecraft:red_wool"
          },
          {
            "type": "minecraft:item",
            "name": "minecraft:redstone"
          },
          {
            "type": "minecraft:item",
            "name": "minecraft:redstone_block"
          },
          {
            "type": "minecraft:item",
            "name": "minecraft:redstone_lamp"
          },
          {
            "type": "minecraft:item",
            "name": "minecraft:redstone_ore"
          },
          {
            "type": "minecraft:item",
            "name": "minecraft:redstone_torch"
          },
          {
            "type": "minecraft:item",
            "name": "minecraft:repeater"
          },
          {
            "type": "minecraft:item",
            "name": "minecraft:rose_bush"
          },
          {
            "type": "minecraft:item",
            "name": "minecraft:rotten_flesh"
          },
          {
            "type": "minecraft:item",
            "name": "minecraft:saddle"
          },
          {
            "type": "minecraft:item",
            "name": "minecraft:salmon"
          },
          {
            "type": "minecraft:item",
            "name": "minecraft:salmon_bucket"
          },
          {
            "type": "minecraft:item",
            "name": "minecraft:sand"
          },
          {
            "type": "minecraft:item",
            "name": "minecraft:sandstone"
          },
          {
            "type": "minecraft:item",
            "name": "minecraft:sandstone_slab"
          },
          {
            "type": "minecraft:item",
            "name": "minecraft:sandstone_stairs"
          },
          {
            "type": "minecraft:item",
            "name": "minecraft:sandstone_wall"
          },
          {
            "type": "minecraft:item",
            "name": "minecraft:scaffolding"
          },
          {
            "type": "minecraft:item",
            "name": "minecraft:scute"
          },
          {
            "type": "minecraft:item",
            "name": "minecraft:sea_lantern"
          },
          {
            "type": "minecraft:item",
            "name": "minecraft:sea_pickle"
          },
          {
            "type": "minecraft:item",
            "name": "minecraft:seagrass"
          },
          {
            "type": "minecraft:item",
            "name": "minecraft:shears"
          },
          {
            "type": "minecraft:item",
            "name": "minecraft:shield"
          },
          {
            "type": "minecraft:item",
            "name": "minecraft:shulker_box"
          },
          {
            "type": "minecraft:item",
            "name": "minecraft:shulker_shell"
          },
          {
            "type": "minecraft:item",
            "name": "minecraft:skeleton_skull"
          },
          {
            "type": "minecraft:item",
            "name": "minecraft:skull_banner_pattern"
          },
          {
            "type": "minecraft:item",
            "name": "minecraft:slime_ball"
          },
          {
            "type": "minecraft:item",
            "name": "minecraft:slime_block"
          },
          {
            "type": "minecraft:item",
            "name": "minecraft:smithing_table"
          },
          {
            "type": "minecraft:item",
            "name": "minecraft:smoker"
          },
          {
            "type": "minecraft:item",
            "name": "minecraft:smooth_quartz"
          },
          {
            "type": "minecraft:item",
            "name": "minecraft:smooth_quartz_slab"
          },
          {
            "type": "minecraft:item",
            "name": "minecraft:smooth_quartz_stairs"
          },
          {
            "type": "minecraft:item",
            "name": "minecraft:smooth_red_sandstone"
          },
          {
            "type": "minecraft:item",
            "name": "minecraft:smooth_red_sandstone_slab"
          },
          {
            "type": "minecraft:item",
            "name": "minecraft:smooth_red_sandstone_stairs"
          },
          {
            "type": "minecraft:item",
            "name": "minecraft:smooth_sandstone"
          },
          {
            "type": "minecraft:item",
            "name": "minecraft:smooth_sandstone_slab"
          },
          {
            "type": "minecraft:item",
            "name": "minecraft:smooth_sandstone_stairs"
          },
          {
            "type": "minecraft:item",
            "name": "minecraft:smooth_stone"
          },
          {
            "type": "minecraft:item",
            "name": "minecraft:smooth_stone_slab"
          },
          {
            "type": "minecraft:item",
            "name": "minecraft:snow"
          },
          {
            "type": "minecraft:item",
            "name": "minecraft:snow_block"
          },
          {
            "type": "minecraft:item",
            "name": "minecraft:snowball"
          },
          {
            "type": "minecraft:item",
            "name": "minecraft:soul_sand"
          },
          {
            "type": "minecraft:item",
            "name": "minecraft:spectral_arrow"
          },
          {
            "type": "minecraft:item",
            "name": "minecraft:spider_eye"
          },
          {
            "type": "minecraft:item",
            "name": "minecraft:sponge"
          },
          {
            "type": "minecraft:item",
            "name": "minecraft:spruce_boat"
          },
          {
            "type": "minecraft:item",
            "name": "minecraft:spruce_button"
          },
          {
            "type": "minecraft:item",
            "name": "minecraft:spruce_door"
          },
          {
            "type": "minecraft:item",
            "name": "minecraft:spruce_fence"
          },
          {
            "type": "minecraft:item",
            "name": "minecraft:spruce_fence_gate"
          },
          {
            "type": "minecraft:item",
            "name": "minecraft:spruce_leaves"
          },
          {
            "type": "minecraft:item",
            "name": "minecraft:spruce_log"
          },
          {
            "type": "minecraft:item",
            "name": "minecraft:spruce_planks"
          },
          {
            "type": "minecraft:item",
            "name": "minecraft:spruce_pressure_plate"
          },
          {
            "type": "minecraft:item",
            "name": "minecraft:spruce_sapling"
          },
          {
            "type": "minecraft:item",
            "name": "minecraft:spruce_sign"
          },
          {
            "type": "minecraft:item",
            "name": "minecraft:spruce_slab"
          },
          {
            "type": "minecraft:item",
            "name": "minecraft:spruce_stairs"
          },
          {
            "type": "minecraft:item",
            "name": "minecraft:spruce_trapdoor"
          },
          {
            "type": "minecraft:item",
            "name": "minecraft:spruce_wood"
          },
          {
            "type": "minecraft:item",
            "name": "minecraft:stick"
          },
          {
            "type": "minecraft:item",
            "name": "minecraft:sticky_piston"
          },
          {
            "type": "minecraft:item",
            "name": "minecraft:stone"
          },
          {
            "type": "minecraft:item",
            "name": "minecraft:stone_axe"
          },
          {
            "type": "minecraft:item",
            "name": "minecraft:stone_brick_slab"
          },
          {
            "type": "minecraft:item",
            "name": "minecraft:stone_brick_stairs"
          },
          {
            "type": "minecraft:item",
            "name": "minecraft:stone_brick_wall"
          },
          {
            "type": "minecraft:item",
            "name": "minecraft:stone_bricks"
          },
          {
            "type": "minecraft:item",
            "name": "minecraft:stone_button"
          },
          {
            "type": "minecraft:item",
            "name": "minecraft:stone_hoe"
          },
          {
            "type": "minecraft:item",
            "name": "minecraft:stone_pickaxe"
          },
          {
            "type": "minecraft:item",
            "name": "minecraft:stone_pressure_plate"
          },
          {
            "type": "minecraft:item",
            "name": "minecraft:stone_shovel"
          },
          {
            "type": "minecraft:item",
            "name": "minecraft:stone_slab"
          },
          {
            "type": "minecraft:item",
            "name": "minecraft:stone_stairs"
          },
          {
            "type": "minecraft:item",
            "name": "minecraft:stone_sword"
          },
          {
            "type": "minecraft:item",
            "name": "minecraft:string"
          },
          {
            "type": "minecraft:item",
            "name": "minecraft:stripped_acacia_log"
          },
          {
            "type": "minecraft:item",
            "name": "minecraft:stripped_acacia_wood"
          },
          {
            "type": "minecraft:item",
            "name": "minecraft:stripped_birch_log"
          },
          {
            "type": "minecraft:item",
            "name": "minecraft:stripped_birch_wood"
          },
          {
            "type": "minecraft:item",
            "name": "minecraft:stripped_dark_oak_log"
          },
          {
            "type": "minecraft:item",
            "name": "minecraft:stripped_dark_oak_wood"
          },
          {
            "type": "minecraft:item",
            "name": "minecraft:stripped_jungle_log"
          },
          {
            "type": "minecraft:item",
            "name": "minecraft:stripped_jungle_wood"
          },
          {
            "type": "minecraft:item",
            "name": "minecraft:stripped_oak_log"
          },
          {
            "type": "minecraft:item",
            "name": "minecraft:stripped_oak_wood"
          },
          {
            "type": "minecraft:item",
            "name": "minecraft:stripped_spruce_log"
          },
          {
            "type": "minecraft:item",
            "name": "minecraft:stripped_spruce_wood"
          },
          {
            "type": "minecraft:item",
            "name": "minecraft:sugar"
          },
          {
            "type": "minecraft:item",
            "name": "minecraft:sugar_cane"
          },
          {
            "type": "minecraft:item",
            "name": "minecraft:sunflower"
          },
          {
            "type": "minecraft:item",
            "name": "minecraft:sweet_berries"
          },
          {
            "type": "minecraft:item",
            "name": "minecraft:tall_grass"
          },
          {
            "type": "minecraft:item",
            "name": "minecraft:terracotta"
          },
          {
            "type": "minecraft:item",
            "name": "minecraft:tnt"
          },
          {
            "type": "minecraft:item",
            "name": "minecraft:tnt_minecart"
          },
          {
            "type": "minecraft:item",
            "name": "minecraft:torch"
          },
          {
            "type": "minecraft:item",
            "name": "minecraft:totem_of_undying"
          },
          {
            "type": "minecraft:item",
            "name": "minecraft:trapped_chest"
          },
          {
            "type": "minecraft:item",
            "name": "minecraft:trident"
          },
          {
            "type": "minecraft:item",
            "name": "minecraft:tripwire_hook"
          },
          {
            "type": "minecraft:item",
            "name": "minecraft:tropical_fish"
          },
          {
            "type": "minecraft:item",
            "name": "minecraft:tropical_fish_bucket"
          },
          {
            "type": "minecraft:item",
            "name": "minecraft:tube_coral"
          },
          {
            "type": "minecraft:item",
            "name": "minecraft:tube_coral_block"
          },
          {
            "type": "minecraft:item",
            "name": "minecraft:tube_coral_fan"
          },
          {
            "type": "minecraft:item",
            "name": "minecraft:turtle_helmet"
          },
          {
            "type": "minecraft:item",
            "name": "minecraft:vine"
          },
          {
            "type": "minecraft:item",
            "name": "minecraft:water_bucket"
          },
          {
            "type": "minecraft:item",
            "name": "minecraft:wet_sponge"
          },
          {
            "type": "minecraft:item",
            "name": "minecraft:wheat"
          },
          {
            "type": "minecraft:item",
            "name": "minecraft:wheat_seeds"
          },
          {
            "type": "minecraft:item",
            "name": "minecraft:white_banner"
          },
          {
            "type": "minecraft:item",
            "name": "minecraft:white_bed"
          },
          {
            "type": "minecraft:item",
            "name": "minecraft:white_carpet"
          },
          {
            "type": "minecraft:item",
            "name": "minecraft:white_concrete"
          },
          {
            "type": "minecraft:item",
            "name": "minecraft:white_concrete_powder"
          },
          {
            "type": "minecraft:item",
            "name": "minecraft:white_dye"
          },
          {
            "type": "minecraft:item",
            "name": "minecraft:white_glazed_terracotta"
          },
          {
            "type": "minecraft:item",
            "name": "minecraft:white_shulker_box"
          },
          {
            "type": "minecraft:item",
            "name": "minecraft:white_stained_glass"
          },
          {
            "type": "minecraft:item",
            "name": "minecraft:white_stained_glass_pane"
          },
          {
            "type": "minecraft:item",
            "name": "minecraft:white_terracotta"
          },
          {
            "type": "minecraft:item",
            "name": "minecraft:white_tulip"
          },
          {
            "type": "minecraft:item",
            "name": "minecraft:white_wool"
          },
          {
            "type": "minecraft:item",
            "name": "minecraft:wither_rose"
          },
          {
            "type": "minecraft:item",
            "name": "minecraft:wither_skeleton_skull"
          },
          {
            "type": "minecraft:item",
            "name": "minecraft:wooden_axe"
          },
          {
            "type": "minecraft:item",
            "name": "minecraft:wooden_hoe"
          },
          {
            "type": "minecraft:item",
            "name": "minecraft:wooden_pickaxe"
          },
          {
            "type": "minecraft:item",
            "name": "minecraft:wooden_shovel"
          },
          {
            "type": "minecraft:item",
            "name": "minecraft:wooden_sword"
          },
          {
            "type": "minecraft:item",
            "name": "minecraft:writable_book"
          },
          {
            "type": "minecraft:item",
            "name": "minecraft:yellow_banner"
          },
          {
            "type": "minecraft:item",
            "name": "minecraft:yellow_bed"
          },
          {
            "type": "minecraft:item",
            "name": "minecraft:yellow_carpet"
          },
          {
            "type": "minecraft:item",
            "name": "minecraft:yellow_concrete"
          },
          {
            "type": "minecraft:item",
            "name": "minecraft:yellow_concrete_powder"
          },
          {
            "type": "minecraft:item",
            "name": "minecraft:yellow_dye"
          },
          {
            "type": "minecraft:item",
            "name": "minecraft:yellow_glazed_terracotta"
          },
          {
            "type": "minecraft:item",
            "name": "minecraft:yellow_shulker_box"
          },
          {
            "type": "minecraft:item",
            "name": "minecraft:yellow_stained_glass"
          },
          {
            "type": "minecraft:item",
            "name": "minecraft:yellow_stained_glass_pane"
          },
          {
            "type": "minecraft:item",
            "name": "minecraft:yellow_terracotta"
          },
          {
            "type": "minecraft:item",
            "name": "minecraft:yellow_wool"
          },
          {
            "type": "minecraft:item",
            "name": "minecraft:zombie_head"
          },
          {
            "type": "minecraft:item",
            "name": "minecraft:ancient_debris"
          },
          {
            "type": "minecraft:item",
            "name": "minecraft:basalt"
          },
          {
            "type": "minecraft:item",
            "name": "minecraft:polished_basalt"
          },
          {
            "type": "minecraft:item",
            "name": "minecraft:blackstone"
          },
          {
            "type": "minecraft:item",
            "name": "minecraft:netherite_block"
          },
          {
            "type": "minecraft:item",
            "name": "minecraft:chain"
          },
          {
            "type": "minecraft:item",
            "name": "minecraft:chiseled_nether_bricks"
          },
          {
            "type": "minecraft:item",
            "name": "minecraft:cracked_nether_bricks"
          },
          {
            "type": "minecraft:item",
            "name": "minecraft:crimson_fungus"
          },
          {
            "type": "minecraft:item",
            "name": "minecraft:warped_fungus"
          },
          {
            "type": "minecraft:item",
            "name": "minecraft:crimson_nylium"
          },
          {
            "type": "minecraft:item",
            "name": "minecraft:warped_nylium"
          },
          {
            "type": "minecraft:item",
            "name": "minecraft:crimson_planks"
          },
          {
            "type": "minecraft:item",
            "name": "minecraft:warped_planks"
          },
          {
            "type": "minecraft:item",
            "name": "minecraft:crimson_roots"
          },
          {
            "type": "minecraft:item",
            "name": "minecraft:warped_roots"
          },
          {
            "type": "minecraft:item",
            "name": "minecraft:stripped_crimson_stem"
          },
          {
            "type": "minecraft:item",
            "name": "minecraft:stripped_warped_stem"
          },
          {
            "type": "minecraft:item",
            "name": "minecraft:crimson_stem"
          },
          {
            "type": "minecraft:item",
            "name": "minecraft:warped_stem"
          },
          {
            "type": "minecraft:item",
            "name": "minecraft:crying_obsidian"
          },
          {
            "type": "minecraft:item",
            "name": "minecraft:gilded_blackstone"
          },
          {
            "type": "minecraft:item",
            "name": "minecraft:crimson_hyphae"
          },
          {
            "type": "minecraft:item",
            "name": "minecraft:warped_hyphae"
          },
          {
            "type": "minecraft:item",
            "name": "minecraft:stripped_crimson_hyphae"
          },
          {
            "type": "minecraft:item",
            "name": "minecraft:stripped_warped_hyphae"
          },
          {
            "type": "minecraft:item",
            "name": "minecraft:lodestone"
          },
          {
            "type": "minecraft:item",
            "name": "minecraft:nether_gold_ore"
          },
          {
            "type": "minecraft:item",
            "name": "minecraft:nether_sprouts"
          },
          {
            "type": "minecraft:item",
            "name": "minecraft:quartz_bricks"
          },
          {
            "type": "minecraft:item",
            "name": "minecraft:respawn_anchor"
          },
          {
            "type": "minecraft:item",
            "name": "minecraft:shroomlight"
          },
          {
            "type": "minecraft:item",
            "name": "minecraft:soul_campfire"
          },
          {
            "type": "minecraft:item",
            "name": "minecraft:soul_lantern"
          },
          {
            "type": "minecraft:item",
            "name": "minecraft:soul_torch"
          },
          {
            "type": "minecraft:item",
            "name": "minecraft:soul_soil"
          },
          {
            "type": "minecraft:item",
            "name": "minecraft:target"
          },
          {
            "type": "minecraft:item",
            "name": "minecraft:twisting_vines"
          },
          {
            "type": "minecraft:item",
            "name": "minecraft:warped_wart_block"
          },
          {
            "type": "minecraft:item",
            "name": "minecraft:weeping_vines"
          },
          {
            "type": "minecraft:item",
            "name": "minecraft:music_disc_pigstep"
          },
          {
            "type": "minecraft:item",
            "name": "minecraft:netherite_helmet"
          },
          {
            "type": "minecraft:item",
            "name": "minecraft:netherite_chestplate"
          },
          {
            "type": "minecraft:item",
            "name": "minecraft:netherite_leggings"
          },
          {
            "type": "minecraft:item",
            "name": "minecraft:netherite_boots"
          },
          {
            "type": "minecraft:item",
            "name": "minecraft:netherite_sword"
          },
          {
            "type": "minecraft:item",
            "name": "minecraft:netherite_pickaxe"
          },
          {
            "type": "minecraft:item",
            "name": "minecraft:netherite_axe"
          },
          {
            "type": "minecraft:item",
            "name": "minecraft:netherite_shovel"
          },
          {
            "type": "minecraft:item",
            "name": "minecraft:netherite_hoe"
          },
          {
            "type": "minecraft:item",
            "name": "minecraft:netherite_ingot"
          },
          {
            "type": "minecraft:item",
            "name": "minecraft:netherite_scrap"
          },
          {
            "type": "minecraft:item",
            "name": "minecraft:piglin_banner_pattern"
          },
          {
            "type": "minecraft:item",
            "name": "minecraft:warped_fungus_on_a_stick"
          },
          {
            "type": "minecraft:item",
            "name": "minecraft:beehive"
          },
          {
            "type": "minecraft:item",
            "name": "minecraft:bee_nest"
          },
          {
            "type": "minecraft:item",
            "name": "minecraft:honey_block"
          },
          {
            "type": "minecraft:item",
            "name": "minecraft:honeycomb_block"
          },
          {
            "type": "minecraft:item",
            "name": "minecraft:honey_bottle"
          },
          {
            "type": "minecraft:item",
            "name": "minecraft:honeycomb"
          },
          {
            "type": "minecraft:item",
            "name": "minecraft:bee_spawn_egg"
          }
        ]
      }
    ]
  }