{
  "pools": [
    {
      "rolls": {
        "min": 1,
        "max": 64
      },
      "entries": [
        {
          "type": "item",
          "name": "minecraft:goat_horn",
          "functions": [
            {
              "function": "set_nbt",
              "tag": "{instrument:\"minecraft:ponder_goat_horn\"}"
            }
          ]
        },
        {
          "type": "item",
          "name": "minecraft:goat_horn",
          "functions": [
            {
              "function": "set_nbt",
              "tag": "{instrument:\"minecraft:sing_goat_horn\"}"
            }
          ]
        },
        {
          "type": "item",
          "name": "minecraft:goat_horn",
          "functions": [
            {
              "function": "set_nbt",
              "tag": "{instrument:\"minecraft:seek_goat_horn\"}"
            }
          ]
        },
        {
          "type": "item",
          "name": "minecraft:goat_horn",
          "functions": [
            {
              "function": "set_nbt",
              "tag": "{instrument:\"minecraft:feel_goat_horn\"}"
            }
          ]
        },
        {
          "type": "item",
          "name": "minecraft:goat_horn",
          "functions": [
            {
              "function": "set_nbt",
              "tag": "{instrument:\"minecraft:admire_goat_horn\"}"
            }
          ]
        },
        {
          "type": "item",
          "name": "minecraft:goat_horn",
          "functions": [
            {
              "function": "set_nbt",
              "tag": "{instrument:\"minecraft:call_goat_horn\"}"
            }
          ]
        },
        {
          "type": "item",
          "name": "minecraft:goat_horn",
          "functions": [
            {
              "function": "set_nbt",
              "tag": "{instrument:\"minecraft:yearn_goat_horn\"}"
            }
          ]
        },
        {
          "type": "item",
          "name": "minecraft:goat_horn",
          "functions": [
            {
              "function": "set_nbt",
              "tag": "{instrument:\"minecraft:dream_goat_horn\"}"
            }
          ]
        }
      ]
    }
  ]
}