{
    "pools": [
        {
            "rolls": 1,
            "entries": [
                {
                    "type": "item",
                    "name": "minecraft:barrier"

                },
                {
                    "type": "item",
                    "name": "minecraft:debug_stick"

                },
                {
                    "type": "item",
                    "name": "minecraft:spawner"

                },
                {
                    "type": "item",
                    "name": "minecraft:structure_block"

                },
                {
                    "type": "item",
                    "name": "minecraft:structure_void"

        },
        {
          "type": "minecraft:item",
          "name": "minecraft:end_portal_frame"
        }
      ]
    }
  ]
}
