{
    "pools": [
        {
            "rolls": 1,
            "entries": [
                {
                    "type": "item",
                    "name": "minecraft:bee_spawn_egg"

                },
                {
                    "type": "item",
                    "name": "minecraft:blaze_spawn_egg"

                },
                {
                    "type": "item",
                    "name": "minecraft:cave_spider_spawn_egg"

                },
                {
                    "type": "item",
                    "name": "minecraft:creeper_spawn_egg"

                },
                {
                    "type": "item",
                    "name": "minecraft:dolphin_spawn_egg"

                },
                {
                    "type": "item",
                    "name": "minecraft:drowned_spawn_egg"

                },
                {
                    "type": "item",
                    "name": "minecraft:elder_guardian_spawn_egg"

                },
                {
                    "type": "item",
                    "name": "minecraft:ender_dragon_spawn_egg"

                },
                {
                    "type": "item",
                    "name": "minecraft:enderman_spawn_egg"

                },
                {
                    "type": "item",
                    "name": "minecraft:endermite_spawn_egg"

                },
                {
                    "type": "item",
                    "name": "minecraft:evoker_spawn_egg"

                },
                {
                    "type": "item",
                    "name": "minecraft:ghast_spawn_egg"

                },
                {
                    "type": "item",
                    "name": "minecraft:goat_spawn_egg"

                },
                {
                    "type": "item",
                    "name": "minecraft:guardian_spawn_egg"

                },
                {
                    "type": "item",
                    "name": "minecraft:hoglin_spawn_egg"

                },
                {
                    "type": "item",
                    "name": "minecraft:husk_spawn_egg"

                },
                {
                    "type": "item",
                    "name": "minecraft:iron_golem_spawn_egg"

                },
                {
                    "type": "item",
                    "name": "minecraft:llama_spawn_egg"

                },
                {
                    "type": "item",
                    "name": "minecraft:magma_cube_spawn_egg"

                },
                {
                    "type": "item",
                    "name": "minecraft:panda_spawn_egg"

                },
                {
                    "type": "item",
                    "name": "minecraft:phantom_spawn_egg"

                },
                {
                    "type": "item",
                    "name": "minecraft:piglin_spawn_egg"

                },
                {
                    "type": "item",
                    "name": "minecraft:piglin_brute_spawn_egg"

                },
                {
                    "type": "item",
                    "name": "minecraft:pillager_spawn_egg"

                },
                {
                    "type": "item",
                    "name": "minecraft:polar_bear_spawn_egg"

                },
                {
                    "type": "item",
                    "name": "minecraft:ravager_spawn_egg"

                },
                {
                    "type": "item",
                    "name": "minecraft:shulker_spawn_egg"

                },
                {
                    "type": "item",
                    "name": "minecraft:silverfish_spawn_egg"

                },
                {
                    "type": "item",
                    "name": "minecraft:skeleton_spawn_egg"

                },
                {
                    "type": "item",
                    "name": "minecraft:slime_spawn_egg"

                },
                {
                    "type": "item",
                    "name": "minecraft:spider_spawn_egg"

                },
                {
                    "type": "item",
                    "name": "minecraft:stray_spawn_egg"

                },
                {
                    "type": "item",
                    "name": "minecraft:trader_llama_spawn_egg"

                },
                {
                    "type": "item",
                    "name": "minecraft:vex_spawn_egg"

                },
                {
                    "type": "item",
                    "name": "minecraft:vindicator_spawn_egg"

                },
                {
                    "type": "item",
                    "name": "minecraft:warden_spawn_egg"

                },
                {
                    "type": "item",
                    "name": "minecraft:witch_spawn_egg"

                },
                {
                    "type": "item",
                    "name": "minecraft:wither_spawn_egg"

                },
                {
                    "type": "item",
                    "name": "minecraft:wither_skeleton_spawn_egg"

                },
                {
                    "type": "item",
                    "name": "minecraft:wolf_spawn_egg"

                },
                {
                    "type": "item",
                    "name": "minecraft:zoglin_spawn_egg"

                },
                {
                    "type": "item",
                    "name": "minecraft:zombie_spawn_egg"

                },
                {
                    "type": "item",
                    "name": "minecraft:zombie_villager_spawn_egg"

                },
                {
                    "type": "item",
                    "name": "minecraft:zombified_piglin_spawn_egg"

                },
                {
                    "type": "item",
                    "name": "minecraft:allay_spawn_egg"

                },
                {
                    "type": "item",
                    "name": "minecraft:axolotl_spawn_egg"

                },
                {
                    "type": "item",
                    "name": "minecraft:bat_spawn_egg"

                },
                {
                    "type": "item",
                    "name": "minecraft:camel_spawn_egg"

                },
                {
                    "type": "item",
                    "name": "minecraft:cat_spawn_egg"

                },
                {
                    "type": "item",
                    "name": "minecraft:chicken_spawn_egg"

                },
                {
                    "type": "item",
                    "name": "minecraft:cod_spawn_egg"

                },
                {
                    "type": "item",
                    "name": "minecraft:cow_spawn_egg"

                },
                {
                    "type": "item",
                    "name": "minecraft:donkey_spawn_egg"

                },
                {
                    "type": "item",
                    "name": "minecraft:fox_spawn_egg"

                },
                {
                    "type": "item",
                    "name": "minecraft:frog_spawn_egg"

                },
                {
                    "type": "item",
                    "name": "minecraft:glow_squid_spawn_egg"

                },
                {
                    "type": "item",
                    "name": "minecraft:horse_spawn_egg"

                },
                {
                    "type": "item",
                    "name": "minecraft:mooshroom_spawn_egg"

                },
                {
                    "type": "item",
                    "name": "minecraft:mule_spawn_egg"

                },
                {
                    "type": "item",
                    "name": "minecraft:ocelot_spawn_egg"

                },
                {
                    "type": "item",
                    "name": "minecraft:parrot_spawn_egg"

                },
                {
                    "type": "item",
                    "name": "minecraft:pig_spawn_egg"

                },
                {
                    "type": "item",
                    "name": "minecraft:pufferfish_spawn_egg"

                },
                {
                    "type": "item",
                    "name": "minecraft:rabbit_spawn_egg"

                },
                {
                    "type": "item",
                    "name": "minecraft:salmon_spawn_egg"

                },
                {
                    "type": "item",
                    "name": "minecraft:sheep_spawn_egg"

                },
                {
                    "type": "item",
                    "name": "minecraft:skeleton_horse_spawn_egg"

                },
                {
                    "type": "item",
                    "name": "minecraft:sniffer_spawn_egg"

                },
                {
                    "type": "item",
                    "name": "minecraft:snow_golem_spawn_egg"

                },
                {
                    "type": "item",
                    "name": "minecraft:squid_spawn_egg"

                },
                {
                    "type": "item",
                    "name": "minecraft:strider_spawn_egg"

                },
                {
                    "type": "item",
                    "name": "minecraft:tadpole_spawn_egg"

                },
                {
                    "type": "item",
                    "name": "minecraft:tropical_fish_spawn_egg"

                },
                {
                    "type": "item",
                    "name": "minecraft:turtle_spawn_egg"

                },
                {
                    "type": "item",
                    "name": "minecraft:villager_spawn_egg"

                },
                {
                    "type": "item",
                    "name": "minecraft:wandering_trader_spawn_egg"

                },
                {
                    "type": "item",
                    "name": "minecraft:zombie_horse_spawn_egg"

                },
                {
                    "type": "item",
                    "name": "minecraft:breeze_spawn_egg"

                },
                {
                    "type": "item",
                    "name": "minecraft:armadillo_spawn_egg"

                },
                {
                    "type": "item",
                    "name": "minecraft:bogged_spawn_egg"

                }
            ]
        }
    ]
}