{
  "pools": [
    {
      "rolls": 1,
      "entries": [
        {
          "type": "item",
          "name": "minecraft:goat_horn",
          "functions": [
            {
              "function": "set_nbt",
              "tag": "{instrument:\"minecraft:ponder_goat_horn\"}"
            },
            {
              "function": "minecraft:set_count",
              "count": {
                "type": "minecraft:score",
                "target": {
                  "type": "minecraft:fixed",
                  "name": "out"
                },
                "score": "RandomAmountSameItemsGen"
              }
            }
          ]
        },
        {
          "type": "item",
          "name": "minecraft:goat_horn",
          "functions": [
            {
              "function": "set_nbt",
              "tag": "{instrument:\"minecraft:sing_goat_horn\"}"
            },
            {
              "function": "minecraft:set_count",
              "count": {
                "type": "minecraft:score",
                "target": {
                  "type": "minecraft:fixed",
                  "name": "out"
                },
                "score": "RandomAmountSameItemsGen"
              }
            }
          ]
        },
        {
          "type": "item",
          "name": "minecraft:goat_horn",
          "functions": [
            {
              "function": "set_nbt",
              "tag": "{instrument:\"minecraft:seek_goat_horn\"}"
            },
            {
              "function": "minecraft:set_count",
              "count": {
                "type": "minecraft:score",
                "target": {
                  "type": "minecraft:fixed",
                  "name": "out"
                },
                "score": "RandomAmountSameItemsGen"
              }
            }
          ]
        },
        {
          "type": "item",
          "name": "minecraft:goat_horn",
          "functions": [
            {
              "function": "set_nbt",
              "tag": "{instrument:\"minecraft:feel_goat_horn\"}"
            },
            {
              "function": "minecraft:set_count",
              "count": {
                "type": "minecraft:score",
                "target": {
                  "type": "minecraft:fixed",
                  "name": "out"
                },
                "score": "RandomAmountSameItemsGen"
              }
            }
          ]
        },
        {
          "type": "item",
          "name": "minecraft:goat_horn",
          "functions": [
            {
              "function": "set_nbt",
              "tag": "{instrument:\"minecraft:admire_goat_horn\"}"
            },
            {
              "function": "minecraft:set_count",
              "count": {
                "type": "minecraft:score",
                "target": {
                  "type": "minecraft:fixed",
                  "name": "out"
                },
                "score": "RandomAmountSameItemsGen"
              }
            }
          ]
        },
        {
          "type": "item",
          "name": "minecraft:goat_horn",
          "functions": [
            {
              "function": "set_nbt",
              "tag": "{instrument:\"minecraft:call_goat_horn\"}"
            },
            {
              "function": "minecraft:set_count",
              "count": {
                "type": "minecraft:score",
                "target": {
                  "type": "minecraft:fixed",
                  "name": "out"
                },
                "score": "RandomAmountSameItemsGen"
              }
            }
          ]
        },
        {
          "type": "item",
          "name": "minecraft:goat_horn",
          "functions": [
            {
              "function": "set_nbt",
              "tag": "{instrument:\"minecraft:yearn_goat_horn\"}"
            },
            {
              "function": "minecraft:set_count",
              "count": {
                "type": "minecraft:score",
                "target": {
                  "type": "minecraft:fixed",
                  "name": "out"
                },
                "score": "RandomAmountSameItemsGen"
              }
            }
          ]
        },
        {
          "type": "item",
          "name": "minecraft:goat_horn",
          "functions": [
            {
              "function": "set_nbt",
              "tag": "{instrument:\"minecraft:dream_goat_horn\"}"
            },
            {
              "function": "minecraft:set_count",
              "count": {
                "type": "minecraft:score",
                "target": {
                  "type": "minecraft:fixed",
                  "name": "out"
                },
                "score": "RandomAmountSameItemsGen"
              }
            }
          ]
        }
      ]
    }
  ]
}