{
  "pools": [
    {
      "rolls": 1,
      "entries": [
        {
          "type": "item",
          "name": "minecraft:goat_horn",
          "functions": [
            {
                        "function": "minecraft:set_components",
                        "components": {
                          "minecraft:instrument": "minecraft:ponder_goat_horn"
                        }
            },
            {
              "function": "minecraft:set_count",
              "count": {
                "type": "minecraft:score",
                "target": {
                  "type": "minecraft:fixed",
                  "name": "RandomItemGiver"
                },
                "score": "rig_RandomAmountSameItemsNumber"
              }
            }
          ]
        },
        {
          "type": "item",
          "name": "minecraft:goat_horn",
          "functions": [
            {
                        "function": "minecraft:set_components",
                        "components": {
                          "minecraft:instrument": "minecraft:sing_goat_horn"
                        }
            },
            {
              "function": "minecraft:set_count",
              "count": {
                "type": "minecraft:score",
                "target": {
                  "type": "minecraft:fixed",
                  "name": "RandomItemGiver"
                },
                "score": "rig_RandomAmountSameItemsNumber"
              }
            }
          ]
        },
        {
          "type": "item",
          "name": "minecraft:goat_horn",
          "functions": [
            {
                        "function": "minecraft:set_components",
                        "components": {
                          "minecraft:instrument": "minecraft:seek_goat_horn"
                        }
            },
            {
              "function": "minecraft:set_count",
              "count": {
                "type": "minecraft:score",
                "target": {
                  "type": "minecraft:fixed",
                  "name": "RandomItemGiver"
                },
                "score": "rig_RandomAmountSameItemsNumber"
              }
            }
          ]
        },
        {
          "type": "item",
          "name": "minecraft:goat_horn",
          "functions": [
            {
                        "function": "minecraft:set_components",
                        "components": {
                          "minecraft:instrument": "minecraft:feel_goat_horn"
                        }
            },
            {
              "function": "minecraft:set_count",
              "count": {
                "type": "minecraft:score",
                "target": {
                  "type": "minecraft:fixed",
                  "name": "RandomItemGiver"
                },
                "score": "rig_RandomAmountSameItemsNumber"
              }
            }
          ]
        },
        {
          "type": "item",
          "name": "minecraft:goat_horn",
          "functions": [
            {
                        "function": "minecraft:set_components",
                        "components": {
                          "minecraft:instrument": "minecraft:admire_goat_horn"
                        }
            },
            {
              "function": "minecraft:set_count",
              "count": {
                "type": "minecraft:score",
                "target": {
                  "type": "minecraft:fixed",
                  "name": "RandomItemGiver"
                },
                "score": "rig_RandomAmountSameItemsNumber"
              }
            }
          ]
        },
        {
          "type": "item",
          "name": "minecraft:goat_horn",
          "functions": [
            {
                        "function": "minecraft:set_components",
                        "components": {
                          "minecraft:instrument": "minecraft:call_goat_horn"
                        }
            },
            {
              "function": "minecraft:set_count",
              "count": {
                "type": "minecraft:score",
                "target": {
                  "type": "minecraft:fixed",
                  "name": "RandomItemGiver"
                },
                "score": "rig_RandomAmountSameItemsNumber"
              }
            }
          ]
        },
        {
          "type": "item",
          "name": "minecraft:goat_horn",
          "functions": [
            {
                        "function": "minecraft:set_components",
                        "components": {
                          "minecraft:instrument": "minecraft:yearn_goat_horn"
                        }
            },
            {
              "function": "minecraft:set_count",
              "count": {
                "type": "minecraft:score",
                "target": {
                  "type": "minecraft:fixed",
                  "name": "RandomItemGiver"
                },
                "score": "rig_RandomAmountSameItemsNumber"
              }
            }
          ]
        },
        {
          "type": "item",
          "name": "minecraft:goat_horn",
          "functions": [
            {
                        "function": "minecraft:set_components",
                        "components": {
                          "minecraft:instrument": "minecraft:dream_goat_horn"
                        }
            },
            {
              "function": "minecraft:set_count",
              "count": {
                "type": "minecraft:score",
                "target": {
                  "type": "minecraft:fixed",
                  "name": "RandomItemGiver"
                },
                "score": "rig_RandomAmountSameItemsNumber"
              }
            }
          ]
        }
      ]
    }
  ]
}
